sexo;grado_acd;tipo_univ;ansiedad;depresion;miedo;sueño;ans_cat;dep_cat;miedo_cat;sueño_cat
Hombre;Pregrado;Privado;1;24;9;0;No;No;Sí;Buena
Hombre;Posgrado;Privado;5;5;9;3;No;Sí;Sí;Buena
Hombre;Pregrado;Privado;19;18;18;6;Sí;No;Sí;Buena
Mujer;Posgrado;Público;12;14;12;15;Sí;No;Sí;Mala
Hombre;Pregrado;Público;7;20;13;2;No;No;Sí;Buena
Hombre;Posgrado;Privado;1;25;11;4;No;No;Sí;Buena
Hombre;Pregrado;Privado;21;14;19;5;Sí;No;Sí;Mala
Mujer;Posgrado;Privado;7;20;16;1;No;No;Sí;Buena
Hombre;Posgrado;Privado;21;23;18;8;Sí;No;Sí;Mala
Hombre;Pregrado;Privado;21;10;20;0;Sí;Sí;Sí;Mala
Mujer;Pregrado;Público;7;18;9;17;No;No;Sí;Buena
Mujer;Posgrado;Privado;20;0;18;0;Sí;Sí;Sí;Mala
Hombre;Posgrado;Privado;11;9;12;8;Sí;Sí;Sí;Mala
Hombre;Posgrado;Privado;2;21;9;26;No;No;Sí;Mala
Hombre;Posgrado;Privado;11;8;10;6;Sí;Sí;Sí;Mala
Mujer;Posgrado;Privado;7;14;13;3;No;No;Sí;Buena
Mujer;Posgrado;Privado;15;22;12;6;Sí;No;Sí;Buena
Mujer;Posgrado;Público;10;13;15;9;Sí;No;Sí;Buena
Hombre;Posgrado;Privado;16;19;10;12;Sí;No;Sí;Buena
Hombre;Pregrado;Privado;0;16;8;1;No;No;Sí;Buena
Hombre;Posgrado;Privado;18;17;15;18;Sí;No;Sí;Buena
Hombre;Posgrado;Privado;3;20;11;1;No;No;Sí;Buena
Hombre;Pregrado;Privado;10;24;14;12;Sí;No;Sí;Buena
Hombre;Posgrado;Privado;14;20;12;9;Sí;No;Sí;Buena
Hombre;Pregrado;Privado;10;24;14;12;Sí;No;Sí;Buena
Hombre;Pregrado;Público;4;20;11;3;No;No;Sí;Buena
Hombre;Posgrado;Privado;14;14;12;12;Sí;No;Sí;Buena
Mujer;Posgrado;Público;12;5;5;15;Sí;Sí;No;Mala
Mujer;Pregrado;Público;4;5;11;6;No;Sí;Sí;Buena
Hombre;Posgrado;Privado;2;22;13;0;No;No;Sí;Buena
Hombre;Posgrado;Privado;6;4;14;20;No;Sí;Sí;Buena
Hombre;Posgrado;Privado;20;25;21;18;Sí;No;Sí;Buena
Mujer;Posgrado;Público;17;3;14;13;Sí;Sí;Sí;Mala
Mujer;Posgrado;Público;12;17;14;2;Sí;No;Sí;Buena
Mujer;Posgrado;Privado;16;16;16;10;Sí;No;Sí;Buena
Mujer;Posgrado;Privado;14;14;12;4;Sí;No;Sí;Buena
Hombre;Posgrado;Público;16;19;14;6;Sí;No;Sí;Buena
Mujer;Posgrado;Privado;8;19;18;1;No;No;Sí;Buena
Hombre;Posgrado;Público;21;15;18;9;Sí;No;Sí;Buena
Hombre;Posgrado;Privado;1;23;13;25;No;No;Sí;Buena
Hombre;Posgrado;Público;9;10;11;18;No;Sí;Sí;Mala
Hombre;Posgrado;Público;16;5;14;8;Sí;Sí;Sí;Mala
Mujer;Posgrado;Público;18;10;17;9;Sí;Sí;Sí;Buena
Hombre;Posgrado;Privado;14;21;14;6;Sí;No;Sí;Buena
Hombre;Pregrado;Público;13;8;16;1;Sí;Sí;Sí;Buena
Mujer;Pregrado;Público;9;11;9;5;No;Sí;Sí;Buena
Hombre;Posgrado;Público;5;19;14;5;No;No;Sí;Buena
Hombre;Posgrado;Público;7;7;7;0;No;Sí;No;Buena
Mujer;Posgrado;Público;14;21;20;0;Sí;No;Sí;Buena
Mujer;Posgrado;Público;8;3;11;8;No;Sí;Sí;Buena
Mujer;Posgrado;Privado;7;21;21;6;No;No;Sí;Mala
Hombre;Posgrado;Público;0;25;10;0;No;No;Sí;Buena
Hombre;Posgrado;Privado;3;25;14;7;No;No;Sí;Buena
Hombre;Posgrado;Privado;4;20;16;7;No;No;Sí;Buena
Hombre;Posgrado;Público;4;20;9;5;No;No;Sí;Buena
Hombre;Posgrado;Público;21;4;14;15;Sí;Sí;Sí;Mala
Hombre;Posgrado;Privado;16;19;19;0;Sí;No;Sí;Buena
Hombre;Pregrado;Público;3;10;11;8;No;Sí;Sí;Buena
Mujer;Posgrado;Privado;4;23;12;9;No;No;Sí;Buena
Hombre;Pregrado;Público;11;14;10;10;Sí;No;Sí;Mala
Mujer;Posgrado;Privado;19;12;11;7;Sí;Sí;Sí;Mala
Hombre;Pregrado;Público;18;4;16;1;Sí;Sí;Sí;Buena
Hombre;Pregrado;Público;8;22;12;4;No;No;Sí;Buena
Hombre;Pregrado;Privado;6;17;15;4;No;No;Sí;Buena
Hombre;Posgrado;Privado;18;17;12;10;Sí;No;Sí;Mala
Hombre;Posgrado;Público;8;15;13;15;No;No;Sí;Buena
Hombre;Posgrado;Privado;17;25;13;8;Sí;No;Sí;Buena
Hombre;Posgrado;Privado;17;25;13;8;Sí;No;Sí;Buena
Mujer;Pregrado;Público;13;10;12;12;Sí;Sí;Sí;Buena
Hombre;Posgrado;Privado;16;17;19;3;Sí;No;Sí;Buena
Mujer;Posgrado;Privado;21;20;16;8;Sí;No;Sí;Mala
Hombre;Posgrado;Público;19;0;18;8;Sí;Sí;Sí;Mala
Hombre;Posgrado;Público;2;12;11;7;No;Sí;Sí;Buena
Hombre;Pregrado;Público;6;17;17;12;No;No;Sí;Buena
Hombre;Posgrado;Privado;3;23;15;10;No;No;Sí;Buena
Mujer;Pregrado;Público;5;7;10;9;No;Sí;Sí;Buena
Mujer;Posgrado;Público;4;9;14;0;No;Sí;Sí;Buena
Hombre;Posgrado;Público;8;12;11;5;No;Sí;Sí;Mala
Hombre;Posgrado;Público;8;12;11;5;No;Sí;Sí;Mala
Mujer;Posgrado;Público;7;12;10;3;No;Sí;Sí;Buena
Hombre;Pregrado;Público;0;13;2;9;No;No;No;Buena
Hombre;Posgrado;Público;4;16;8;3;No;No;Sí;Buena
Mujer;Posgrado;Privado;10;16;13;6;Sí;No;Sí;Mala
Mujer;Pregrado;Público;8;7;9;4;No;Sí;Sí;Buena
Hombre;Posgrado;Público;17;10;14;6;Sí;Sí;Sí;Mala
Hombre;Posgrado;Privado;18;17;16;4;Sí;No;Sí;Buena
Hombre;Posgrado;Público;2;15;7;12;No;No;No;Buena
Mujer;Posgrado;Público;12;7;10;3;Sí;Sí;Sí;Buena
Hombre;Pregrado;Público;7;12;13;6;No;Sí;Sí;Buena
Hombre;Posgrado;Público;12;17;14;10;Sí;No;Sí;Buena
Hombre;Posgrado;Público;17;2;14;9;Sí;Sí;Sí;Buena
Mujer;Posgrado;Público;13;5;15;12;Sí;Sí;Sí;Buena
Hombre;Posgrado;Público;17;1;18;10;Sí;Sí;Sí;Buena
Hombre;Pregrado;Público;13;15;13;17;Sí;No;Sí;Buena
Mujer;Posgrado;Público;1;19;10;5;No;No;Sí;Buena
Hombre;Posgrado;Privado;0;20;0;0;No;No;No;Buena
Mujer;Posgrado;Público;17;5;19;17;Sí;Sí;Sí;Mala
Hombre;Posgrado;Público;11;5;12;8;Sí;Sí;Sí;Buena
Hombre;Posgrado;Público;11;5;12;8;Sí;Sí;Sí;Buena
Mujer;Posgrado;Público;4;4;12;10;No;Sí;Sí;Buena
Hombre;Pregrado;Público;12;2;14;8;Sí;Sí;Sí;Buena
Hombre;Posgrado;Privado;17;8;14;7;Sí;Sí;Sí;Mala
Mujer;Pregrado;Público;14;19;11;9;Sí;No;Sí;Mala
Hombre;Pregrado;Público;2;17;11;12;No;No;Sí;Buena
Mujer;Posgrado;Público;9;14;10;13;No;No;Sí;Buena
Mujer;Posgrado;Público;19;3;18;13;Sí;Sí;Sí;Mala
Mujer;Posgrado;Público;15;5;16;6;Sí;Sí;Sí;Buena
Hombre;Posgrado;Público;14;3;10;8;Sí;Sí;Sí;Mala
Hombre;Pregrado;Privado;12;9;7;5;Sí;Sí;No;Mala
Mujer;Posgrado;Público;12;15;13;8;Sí;No;Sí;Buena
Mujer;Posgrado;Privado;5;17;8;3;No;No;Sí;Buena
Hombre;Pregrado;Público;13;23;11;10;Sí;No;Sí;Buena
Hombre;Posgrado;Público;14;15;16;11;Sí;No;Sí;Buena
Mujer;Posgrado;Público;12;10;12;5;Sí;Sí;Sí;Mala
Hombre;Posgrado;Privado;7;18;12;5;No;No;Sí;Buena
Hombre;Pregrado;Público;18;7;15;10;Sí;Sí;Sí;Buena
Hombre;Posgrado;Privado;7;17;9;0;No;No;Sí;Buena
Mujer;Posgrado;Público;6;11;10;7;No;Sí;Sí;Buena
Hombre;Posgrado;Privado;19;1;21;11;Sí;Sí;Sí;Buena
Hombre;Pregrado;Público;8;6;14;8;No;Sí;Sí;Buena
Mujer;Posgrado;Público;7;4;9;11;No;Sí;Sí;Mala
Hombre;Posgrado;Privado;12;11;14;14;Sí;Sí;Sí;Mala
Mujer;Posgrado;Público;8;7;15;11;No;Sí;Sí;Buena
Mujer;Posgrado;Privado;8;19;12;11;No;No;Sí;Buena
Hombre;Posgrado;Privado;10;3;11;7;Sí;Sí;Sí;Buena
Hombre;Pregrado;Privado;17;4;20;17;Sí;Sí;Sí;Mala
Hombre;Posgrado;Privado;13;3;12;4;Sí;Sí;Sí;Mala
Hombre;Posgrado;Privado;5;17;9;3;No;No;Sí;Mala
Hombre;Posgrado;Privado;15;12;13;2;Sí;Sí;Sí;Buena
Hombre;Pregrado;Público;20;20;19;11;Sí;No;Sí;Mala
Hombre;Posgrado;Público;7;11;11;5;No;Sí;Sí;Mala
Hombre;Posgrado;Privado;14;21;12;4;Sí;No;Sí;Buena
Mujer;Posgrado;Público;13;12;19;1;Sí;Sí;Sí;Mala
Mujer;Posgrado;Público;12;17;14;2;Sí;No;Sí;Buena
Hombre;Posgrado;Privado;13;16;11;17;Sí;No;Sí;Buena
Mujer;Posgrado;Público;17;16;12;19;Sí;No;Sí;Buena
Mujer;Posgrado;Público;5;6;14;21;No;Sí;Sí;Buena
Hombre;Posgrado;Público;11;2;12;1;Sí;Sí;Sí;Mala
Mujer;Pregrado;Público;17;10;11;11;Sí;Sí;Sí;Buena
Hombre;Pregrado;Público;11;16;5;11;Sí;No;No;Mala
Mujer;Posgrado;Público;17;15;14;8;Sí;No;Sí;Mala
Hombre;Pregrado;Privado;7;13;12;6;No;No;Sí;Buena
Mujer;Posgrado;Privado;16;3;17;17;Sí;Sí;Sí;Mala
Hombre;Posgrado;Público;7;17;14;3;No;No;Sí;Buena
Mujer;Pregrado;Privado;13;19;17;8;Sí;No;Sí;Mala
Hombre;Posgrado;Público;21;16;14;3;Sí;No;Sí;Buena
Hombre;Posgrado;Público;8;22;12;13;No;No;Sí;Buena
Hombre;Posgrado;Público;17;10;16;15;Sí;Sí;Sí;Mala
Hombre;Posgrado;Privado;12;19;11;11;Sí;No;Sí;Buena
Mujer;Pregrado;Público;17;7;19;15;Sí;Sí;Sí;Mala
Mujer;Pregrado;Privado;12;5;18;9;Sí;Sí;Sí;Buena
Mujer;Pregrado;Público;13;21;20;14;Sí;No;Sí;Buena
Mujer;Posgrado;Privado;6;23;17;20;No;No;Sí;Mala
Hombre;Posgrado;Público;7;12;18;0;No;Sí;Sí;Buena
Hombre;Posgrado;Público;12;7;11;11;Sí;Sí;Sí;Buena
Hombre;Pregrado;Público;0;23;9;4;No;No;Sí;Buena
Mujer;Posgrado;Privado;16;12;19;15;Sí;Sí;Sí;Mala
Hombre;Posgrado;Público;0;21;7;9;No;No;No;Buena
Hombre;Posgrado;Público;18;16;11;2;Sí;No;Sí;Buena
Hombre;Posgrado;Privado;18;1;12;4;Sí;Sí;Sí;Mala
Mujer;Posgrado;Público;15;4;12;9;Sí;Sí;Sí;Buena
Hombre;Pregrado;Público;6;16;10;12;No;No;Sí;Buena
Hombre;Posgrado;Privado;1;20;5;2;No;No;No;Buena
Mujer;Pregrado;Público;21;10;21;18;Sí;Sí;Sí;Mala
Mujer;Posgrado;Público;21;3;18;4;Sí;Sí;Sí;Mala
Hombre;Posgrado;Público;10;16;3;13;Sí;No;No;Buena
Hombre;Posgrado;Público;17;16;10;10;Sí;No;Sí;Mala
Hombre;Posgrado;Privado;15;21;9;0;Sí;No;Sí;Buena
Hombre;Posgrado;Privado;9;10;14;14;No;Sí;Sí;Mala
Mujer;Posgrado;Privado;8;13;8;8;No;No;Sí;Buena
Mujer;Posgrado;Privado;8;11;12;7;No;Sí;Sí;Buena
Mujer;Pregrado;Privado;1;25;9;1;No;No;Sí;Buena
Mujer;Pregrado;Público;10;7;15;2;Sí;Sí;Sí;Buena
Hombre;Posgrado;Público;12;6;8;0;Sí;Sí;Sí;Buena
Hombre;Posgrado;Público;3;22;4;1;No;No;No;Buena
Hombre;Posgrado;Privado;8;4;16;9;No;Sí;Sí;Mala
Mujer;Posgrado;Privado;4;19;9;12;No;No;Sí;Buena
Mujer;Pregrado;Público;14;9;5;13;Sí;Sí;No;Buena
Hombre;Posgrado;Público;9;13;9;10;No;No;Sí;Mala
Hombre;Pregrado;Público;13;8;4;15;Sí;Sí;No;Mala
Mujer;Posgrado;Público;4;19;11;2;No;No;Sí;Buena
Mujer;Posgrado;Público;16;16;11;7;Sí;No;Sí;Buena
Mujer;Posgrado;Público;4;17;12;1;No;No;Sí;Buena
Mujer;Posgrado;Público;19;12;20;15;Sí;Sí;Sí;Mala
Mujer;Pregrado;Público;13;10;12;18;Sí;Sí;Sí;Buena
Hombre;Posgrado;Público;7;0;0;9;No;Sí;No;Buena
Mujer;Pregrado;Público;5;15;13;10;No;No;Sí;Buena
Hombre;Posgrado;Público;6;13;10;2;No;No;Sí;Buena
Mujer;Posgrado;Privado;20;10;16;22;Sí;Sí;Sí;Buena
Hombre;Posgrado;Público;9;12;14;18;No;Sí;Sí;Mala
Mujer;Posgrado;Público;18;12;18;17;Sí;Sí;Sí;Mala
Hombre;Pregrado;Público;14;13;14;12;Sí;No;Sí;Buena
Hombre;Posgrado;Público;7;6;7;15;No;Sí;No;Buena
Hombre;Posgrado;Público;18;24;16;13;Sí;No;Sí;Mala
Hombre;Posgrado;Público;5;6;9;6;No;Sí;Sí;Buena
Mujer;Posgrado;Público;15;11;15;20;Sí;Sí;Sí;Mala
Hombre;Pregrado;Público;6;10;14;3;No;Sí;Sí;Buena
Hombre;Posgrado;Público;12;20;15;18;Sí;No;Sí;Buena
Hombre;Posgrado;Público;12;5;13;14;Sí;Sí;Sí;Buena
Mujer;Posgrado;Público;18;3;19;10;Sí;Sí;Sí;Mala
Mujer;Posgrado;Público;10;4;17;10;Sí;Sí;Sí;Buena
Hombre;Pregrado;Público;5;19;14;13;No;No;Sí;Buena
Hombre;Posgrado;Público;15;10;13;9;Sí;Sí;Sí;Buena
Hombre;Pregrado;Público;9;1;12;12;No;Sí;Sí;Mala
Hombre;Posgrado;Público;7;13;9;0;No;No;Sí;Buena
Hombre;Posgrado;Público;10;12;11;9;Sí;Sí;Sí;Buena
Hombre;Posgrado;Público;21;2;20;10;Sí;Sí;Sí;Mala
Mujer;Posgrado;Público;6;19;18;12;No;No;Sí;Buena
Hombre;Posgrado;Público;2;15;2;4;No;No;No;Buena
Hombre;Pregrado;Público;8;13;9;3;No;No;Sí;Buena
Mujer;Posgrado;Público;19;3;15;15;Sí;Sí;Sí;Mala
Mujer;Posgrado;Privado;14;13;13;19;Sí;No;Sí;Buena
Mujer;Posgrado;Público;0;17;7;12;No;No;No;Buena
Mujer;Posgrado;Privado;13;2;18;14;Sí;Sí;Sí;Mala
Mujer;Pregrado;Público;19;6;16;13;Sí;Sí;Sí;Buena
Hombre;Posgrado;Público;3;19;11;2;No;No;Sí;Buena
Hombre;Posgrado;Público;1;19;2;5;No;No;No;Buena
Mujer;Posgrado;Público;12;10;15;15;Sí;Sí;Sí;Buena
Mujer;Posgrado;Público;5;8;14;10;No;Sí;Sí;Buena
Mujer;Pregrado;Público;11;18;15;16;Sí;No;Sí;Mala
Hombre;Posgrado;Público;11;16;9;15;Sí;No;Sí;Mala
Hombre;Posgrado;Público;4;23;9;3;No;No;Sí;Mala
Hombre;Pregrado;Público;21;0;19;22;Sí;Sí;Sí;Mala
Hombre;Pregrado;Público;9;20;1;4;No;No;No;Buena
Hombre;Posgrado;Privado;13;11;12;3;Sí;Sí;Sí;Mala
Hombre;Posgrado;Público;9;12;10;15;No;Sí;Sí;Mala
Hombre;Posgrado;Público;8;4;12;0;No;Sí;Sí;Buena
Mujer;Posgrado;Público;21;10;16;14;Sí;Sí;Sí;Mala
Hombre;Posgrado;Público;10;3;12;9;Sí;Sí;Sí;Buena
Mujer;Pregrado;Público;21;1;20;8;Sí;Sí;Sí;Mala
Hombre;Posgrado;Público;2;19;9;19;No;No;Sí;Buena
Mujer;Pregrado;Público;16;14;17;11;Sí;No;Sí;Buena
Hombre;Posgrado;Privado;6;16;5;10;No;No;No;Buena
Hombre;Posgrado;Privado;6;16;5;10;No;No;No;Buena
Hombre;Posgrado;Público;4;13;8;12;No;No;Sí;Buena
Hombre;Posgrado;Público;13;6;10;6;Sí;Sí;Sí;Buena
Hombre;Posgrado;Público;5;12;12;3;No;Sí;Sí;Buena
Hombre;Pregrado;Público;5;18;9;10;No;No;Sí;Buena
Mujer;Posgrado;Público;20;6;12;18;Sí;Sí;Sí;Mala
Mujer;Posgrado;Público;20;6;12;18;Sí;Sí;Sí;Mala
Mujer;Posgrado;Público;20;6;12;18;Sí;Sí;Sí;Mala
Hombre;Posgrado;Público;6;10;12;5;No;Sí;Sí;Buena
Mujer;Posgrado;Privado;9;17;14;19;No;No;Sí;Buena
Hombre;Posgrado;Público;13;3;17;15;Sí;Sí;Sí;Mala
Hombre;Pregrado;Privado;6;16;13;2;No;No;Sí;Buena
Hombre;Posgrado;Público;5;13;15;6;No;No;Sí;Buena
Mujer;Posgrado;Público;7;6;11;8;No;Sí;Sí;Buena
Mujer;Posgrado;Público;16;5;15;10;Sí;Sí;Sí;Mala
Mujer;Pregrado;Público;6;16;16;13;No;No;Sí;Buena
Hombre;Posgrado;Público;6;19;4;9;No;No;No;Mala
Hombre;Posgrado;Privado;6;18;3;5;No;No;No;Buena
Hombre;Pregrado;Público;12;8;15;13;Sí;Sí;Sí;Buena
Hombre;Pregrado;Público;12;8;15;13;Sí;Sí;Sí;Buena
Hombre;Pregrado;Público;11;15;7;22;Sí;No;No;Buena
Hombre;Posgrado;Privado;6;15;12;8;No;No;Sí;Buena
Mujer;Posgrado;Privado;1;14;11;1;No;No;Sí;Buena
Mujer;Pregrado;Público;2;20;5;7;No;No;No;Buena
Hombre;Posgrado;Público;2;14;18;2;No;No;Sí;Buena
Hombre;Pregrado;Público;2;24;0;0;No;No;No;Buena
Hombre;Pregrado;Público;10;2;18;10;Sí;Sí;Sí;Buena
Hombre;Posgrado;Público;14;15;17;10;Sí;No;Sí;Mala
Hombre;Posgrado;Público;13;0;17;11;Sí;Sí;Sí;Buena
Hombre;Posgrado;Privado;14;13;12;0;Sí;No;Sí;Buena
Hombre;Pregrado;Público;16;16;17;12;Sí;No;Sí;Buena
Mujer;Posgrado;Público;9;10;11;10;No;Sí;Sí;Buena
Hombre;Pregrado;Público;12;17;13;11;Sí;No;Sí;Buena
Hombre;Posgrado;Público;3;18;7;3;No;No;No;Buena
Hombre;Posgrado;Público;12;16;14;21;Sí;No;Sí;Buena
Mujer;Posgrado;Privado;3;24;5;0;No;No;No;Buena
Hombre;Pregrado;Público;3;17;8;3;No;No;Sí;Buena
Hombre;Posgrado;Público;7;13;12;19;No;No;Sí;Buena
Mujer;Pregrado;Público;4;12;9;8;No;Sí;Sí;Buena
Mujer;Pregrado;Público;6;5;12;4;No;Sí;Sí;Buena
Hombre;Pregrado;Público;5;9;7;11;No;Sí;No;Buena
Hombre;Posgrado;Privado;9;12;12;9;No;Sí;Sí;Buena
Hombre;Posgrado;Público;2;19;1;3;No;No;No;Buena
Mujer;Pregrado;Privado;14;17;18;12;Sí;No;Sí;Buena
Hombre;Posgrado;Público;12;16;14;8;Sí;No;Sí;Buena
Hombre;Posgrado;Privado;5;18;5;2;No;No;No;Mala
Hombre;Pregrado;Público;12;8;10;5;Sí;Sí;Sí;Mala
Mujer;Posgrado;Privado;21;0;21;11;Sí;Sí;Sí;Buena
Hombre;Posgrado;Público;4;20;7;0;No;No;No;Buena
Hombre;Pregrado;Público;10;12;18;7;Sí;Sí;Sí;Buena
Mujer;Posgrado;Público;2;18;8;5;No;No;Sí;Buena
Hombre;Pregrado;Público;15;15;11;10;Sí;No;Sí;Buena
Hombre;Posgrado;Público;10;13;11;10;Sí;No;Sí;Buena
Hombre;Posgrado;Público;15;1;4;0;Sí;Sí;No;Buena
Hombre;Pregrado;Público;1;10;9;11;No;Sí;Sí;Buena
Mujer;Pregrado;Público;2;20;8;1;No;No;Sí;Buena
Hombre;Posgrado;Público;2;20;0;0;No;No;No;Buena
Mujer;Pregrado;Público;18;3;14;23;Sí;Sí;Sí;Mala
Mujer;Pregrado;Público;7;8;12;16;No;Sí;Sí;Mala
Mujer;Posgrado;Público;7;13;17;13;No;No;Sí;Buena
Hombre;Posgrado;Público;15;14;12;5;Sí;No;Sí;Buena
Mujer;Posgrado;Público;8;2;7;2;No;Sí;No;Mala
Hombre;Posgrado;Público;3;14;10;10;No;No;Sí;Mala
Mujer;Posgrado;Público;8;2;7;2;No;Sí;No;Mala
Mujer;Posgrado;Público;18;7;15;18;Sí;Sí;Sí;Mala
Hombre;Pregrado;Privado;16;23;14;4;Sí;No;Sí;Buena
Hombre;Posgrado;Público;3;14;10;10;No;No;Sí;Mala
Hombre;Posgrado;Público;8;10;10;7;No;Sí;Sí;Buena
Hombre;Pregrado;Público;4;16;8;6;No;No;Sí;Buena
Hombre;Pregrado;Público;10;16;11;20;Sí;No;Sí;Buena
Hombre;Posgrado;Privado;18;19;16;22;Sí;No;Sí;Buena
Hombre;Pregrado;Público;4;13;6;7;No;No;No;Buena
Hombre;Posgrado;Público;12;6;9;13;Sí;Sí;Sí;Mala
Hombre;Posgrado;Privado;14;15;0;9;Sí;No;No;Buena
Hombre;Pregrado;Público;13;16;12;11;Sí;No;Sí;Buena
Mujer;Pregrado;Público;12;6;13;14;Sí;Sí;Sí;Mala
Mujer;Pregrado;Público;20;16;17;6;Sí;No;Sí;Buena
Hombre;Posgrado;Público;13;9;9;20;Sí;Sí;Sí;Buena
Mujer;Pregrado;Público;21;5;17;7;Sí;Sí;Sí;Mala
Hombre;Posgrado;Público;5;21;11;13;No;No;Sí;Buena
Mujer;Pregrado;Público;9;16;13;9;No;No;Sí;Buena
Mujer;Posgrado;Público;8;9;9;4;No;Sí;Sí;Buena
Mujer;Posgrado;Privado;3;1;12;8;No;Sí;Sí;Mala
Hombre;Pregrado;Público;9;16;10;12;No;No;Sí;Buena
Hombre;Posgrado;Privado;11;11;12;8;Sí;Sí;Sí;Buena
Hombre;Pregrado;Público;21;0;17;0;Sí;Sí;Sí;Buena
Hombre;Posgrado;Público;6;4;15;10;No;Sí;Sí;Buena
Mujer;Posgrado;Privado;2;17;12;14;No;No;Sí;Buena
Hombre;Pregrado;Público;3;9;9;3;No;Sí;Sí;Buena
Mujer;Pregrado;Público;13;11;11;16;Sí;Sí;Sí;Buena
Hombre;Posgrado;Público;4;19;9;6;No;No;Sí;Buena
Hombre;Pregrado;Público;4;12;14;14;No;Sí;Sí;Buena
Hombre;Pregrado;Público;7;18;11;7;No;No;Sí;Mala
Hombre;Pregrado;Público;9;17;15;13;No;No;Sí;Mala
Hombre;Posgrado;Privado;4;18;4;2;No;No;No;Buena
Mujer;Pregrado;Público;16;10;9;16;Sí;Sí;Sí;Mala
Hombre;Pregrado;Público;13;13;15;14;Sí;No;Sí;Mala
Mujer;Pregrado;Privado;6;18;2;4;No;No;No;Buena
Hombre;Posgrado;Público;13;4;14;7;Sí;Sí;Sí;Buena
Hombre;Posgrado;Público;13;2;9;14;Sí;Sí;Sí;Mala
Hombre;Posgrado;Público;8;4;7;7;No;Sí;No;Mala
Hombre;Posgrado;Público;14;19;12;5;Sí;No;Sí;Buena
Hombre;Pregrado;Público;10;7;12;13;Sí;Sí;Sí;Mala
Hombre;Posgrado;Público;18;20;15;12;Sí;No;Sí;Buena
Mujer;Posgrado;Público;8;10;12;6;No;Sí;Sí;Buena
Hombre;Pregrado;Público;13;19;6;1;Sí;No;No;Buena
Hombre;Pregrado;Público;13;19;6;1;Sí;No;No;Buena
Mujer;Posgrado;Público;7;7;9;2;No;Sí;Sí;Buena
Mujer;Posgrado;Público;7;7;9;2;No;Sí;Sí;Buena
Hombre;Pregrado;Privado;21;25;21;0;Sí;No;Sí;Mala
Hombre;Posgrado;Público;18;10;19;6;Sí;Sí;Sí;Mala
Mujer;Pregrado;Público;3;9;8;13;No;Sí;Sí;Buena
Hombre;Posgrado;Público;11;5;15;10;Sí;Sí;Sí;Mala
Hombre;Posgrado;Privado;11;21;7;5;Sí;No;No;Buena
Hombre;Posgrado;Público;11;3;7;7;Sí;Sí;No;Buena
Mujer;Posgrado;Público;14;25;15;13;Sí;No;Sí;Buena
Hombre;Pregrado;Público;9;2;15;7;No;Sí;Sí;Buena
Hombre;Posgrado;Público;13;11;16;7;Sí;Sí;Sí;Buena
Mujer;Pregrado;Privado;21;1;21;12;Sí;Sí;Sí;Buena
Mujer;Posgrado;Público;2;20;8;3;No;No;Sí;Buena
Hombre;Posgrado;Público;5;10;13;5;No;Sí;Sí;Buena
Hombre;Pregrado;Público;7;0;5;0;No;Sí;No;Mala
Mujer;Pregrado;Público;4;2;9;14;No;Sí;Sí;Mala
Mujer;Posgrado;Público;6;3;12;18;No;Sí;Sí;Buena
Hombre;Pregrado;Público;19;2;17;18;Sí;Sí;Sí;Mala
Hombre;Pregrado;Público;10;12;12;9;Sí;Sí;Sí;Buena
Hombre;Pregrado;Público;6;20;15;8;No;No;Sí;Mala
Hombre;Posgrado;Público;19;3;16;21;Sí;Sí;Sí;Buena
Hombre;Posgrado;Público;10;0;9;4;Sí;Sí;Sí;Buena
Mujer;Posgrado;Público;19;13;7;22;Sí;No;No;Mala
Mujer;Posgrado;Público;9;3;16;17;No;Sí;Sí;Buena
Hombre;Posgrado;Público;8;15;15;10;No;No;Sí;Buena
Hombre;Posgrado;Privado;17;15;19;9;Sí;No;Sí;Mala
Hombre;Posgrado;Privado;0;25;18;11;No;No;Sí;Mala
Hombre;Posgrado;Público;11;5;15;10;Sí;Sí;Sí;Mala
Mujer;Pregrado;Público;12;20;11;14;Sí;No;Sí;Buena
Mujer;Posgrado;Público;12;7;13;20;Sí;Sí;Sí;Mala
Mujer;Pregrado;Público;6;16;12;6;No;No;Sí;Buena
Mujer;Posgrado;Público;21;1;21;12;Sí;Sí;Sí;Mala
Hombre;Pregrado;Público;9;3;16;15;No;Sí;Sí;Mala
Hombre;Pregrado;Público;21;5;16;9;Sí;Sí;Sí;Buena
Hombre;Pregrado;Público;21;5;16;9;Sí;Sí;Sí;Buena
Hombre;Pregrado;Público;1;20;2;0;No;No;No;Buena
Hombre;Pregrado;Público;8;15;8;14;No;No;Sí;Buena
Hombre;Pregrado;Público;9;17;9;4;No;No;Sí;Buena
Mujer;Posgrado;Público;7;14;11;4;No;No;Sí;Buena
Hombre;Pregrado;Público;6;4;12;13;No;Sí;Sí;Buena
Hombre;Posgrado;Público;15;24;20;18;Sí;No;Sí;Buena
Hombre;Posgrado;Público;15;24;20;18;Sí;No;Sí;Buena
Mujer;Pregrado;Público;14;4;11;7;Sí;Sí;Sí;Buena
Mujer;Pregrado;Público;4;8;11;0;No;Sí;Sí;Buena
Mujer;Pregrado;Público;6;20;11;6;No;No;Sí;Buena
Mujer;Posgrado;Público;5;15;10;1;No;No;Sí;Buena
Hombre;Pregrado;Público;10;0;19;14;Sí;Sí;Sí;Mala
Hombre;Pregrado;Privado;1;0;14;0;No;Sí;Sí;Buena
Mujer;Posgrado;Público;8;7;13;8;No;Sí;Sí;Mala
Mujer;Pregrado;Público;19;14;11;5;Sí;No;Sí;Mala
Mujer;Pregrado;Público;19;14;11;5;Sí;No;Sí;Mala
Mujer;Pregrado;Público;19;14;11;5;Sí;No;Sí;Mala
Mujer;Posgrado;Público;6;14;13;18;No;No;Sí;Buena
Mujer;Pregrado;Privado;8;17;9;6;No;No;Sí;Buena
Mujer;Posgrado;Público;2;14;8;4;No;No;Sí;Buena
Hombre;Posgrado;Público;8;10;8;5;No;Sí;Sí;Buena
Hombre;Posgrado;Público;12;15;10;14;Sí;No;Sí;Buena
Mujer;Posgrado;Público;13;6;17;3;Sí;Sí;Sí;Buena
Mujer;Posgrado;Público;20;0;17;17;Sí;Sí;Sí;Mala
Mujer;Posgrado;Privado;21;13;20;12;Sí;No;Sí;Mala
Hombre;Posgrado;Público;1;20;2;3;No;No;No;Buena
Mujer;Posgrado;Privado;4;1;11;4;No;Sí;Sí;Mala
Mujer;Posgrado;Público;11;16;7;4;Sí;No;No;Buena
Mujer;Posgrado;Público;10;15;14;14;Sí;No;Sí;Mala
Hombre;Pregrado;Privado;5;5;7;9;No;Sí;No;Mala
Hombre;Posgrado;Público;21;15;14;9;Sí;No;Sí;Buena
Hombre;Pregrado;Público;7;15;11;10;No;No;Sí;Buena
Hombre;Pregrado;Público;8;6;9;6;No;Sí;Sí;Mala
Hombre;Posgrado;Público;10;14;10;17;Sí;No;Sí;Buena
Hombre;Pregrado;Público;11;18;15;12;Sí;No;Sí;Mala
Hombre;Pregrado;Público;12;16;20;7;Sí;No;Sí;Buena
Hombre;Pregrado;Público;13;15;18;9;Sí;No;Sí;Buena
Hombre;Posgrado;Público;5;10;10;3;No;Sí;Sí;Buena
Hombre;Posgrado;Privado;5;18;9;2;No;No;Sí;Buena
Hombre;Pregrado;Privado;6;15;11;13;No;No;Sí;Buena
Hombre;Pregrado;Público;10;10;15;9;Sí;Sí;Sí;Buena
Hombre;Posgrado;Público;18;1;14;16;Sí;Sí;Sí;Mala
Hombre;Pregrado;Público;2;20;6;8;No;No;No;Buena
Mujer;Posgrado;Público;7;11;11;16;No;Sí;Sí;Mala
Hombre;Pregrado;Público;2;20;6;8;No;No;No;Buena
Mujer;Pregrado;Público;7;14;11;5;No;No;Sí;Buena
Hombre;Posgrado;Público;12;3;9;16;Sí;Sí;Sí;Mala
Mujer;Posgrado;Público;7;20;7;4;No;No;No;Buena
Hombre;Pregrado;Público;11;0;8;16;Sí;Sí;Sí;Mala
Hombre;Pregrado;Público;8;14;10;7;No;No;Sí;Buena
Mujer;Pregrado;Privado;13;2;8;12;Sí;Sí;Sí;Mala
Hombre;Posgrado;Público;2;22;1;0;No;No;No;Buena
Hombre;Posgrado;Público;7;17;16;8;No;No;Sí;Buena
Mujer;Pregrado;Público;14;8;14;13;Sí;Sí;Sí;Mala
Hombre;Pregrado;Público;20;4;16;14;Sí;Sí;Sí;Mala
Hombre;Pregrado;Público;17;14;14;9;Sí;No;Sí;Buena
Mujer;Posgrado;Público;9;12;11;9;No;Sí;Sí;Buena
Mujer;Pregrado;Público;5;11;12;2;No;Sí;Sí;Buena
Mujer;Pregrado;Público;5;11;12;2;No;Sí;Sí;Buena
Mujer;Posgrado;Privado;0;5;14;21;No;Sí;Sí;Mala
Hombre;Posgrado;Público;11;10;14;3;Sí;Sí;Sí;Buena
Hombre;Posgrado;Público;16;0;13;17;Sí;Sí;Sí;Mala
Hombre;Posgrado;Público;3;13;5;4;No;No;No;Buena
Hombre;Posgrado;Público;3;12;11;4;No;Sí;Sí;Buena
Hombre;Posgrado;Público;5;3;7;1;No;Sí;No;Buena
Hombre;Posgrado;Público;6;22;14;1;No;No;Sí;Buena
Hombre;Posgrado;Público;3;10;10;14;No;Sí;Sí;Mala
Hombre;Posgrado;Público;5;19;7;1;No;No;No;Buena
Hombre;Pregrado;Público;8;13;11;16;No;No;Sí;Buena
Hombre;Pregrado;Público;7;12;9;3;No;Sí;Sí;Buena
Hombre;Posgrado;Privado;5;1;11;22;No;Sí;Sí;Mala
Mujer;Posgrado;Público;11;7;12;3;Sí;Sí;Sí;Buena
Hombre;Posgrado;Privado;13;17;11;5;Sí;No;Sí;Buena
Mujer;Pregrado;Público;18;4;15;11;Sí;Sí;Sí;Buena
Hombre;Posgrado;Público;11;6;9;12;Sí;Sí;Sí;Mala
Hombre;Pregrado;Público;13;13;9;6;Sí;No;Sí;Buena
Hombre;Pregrado;Público;15;0;4;5;Sí;Sí;No;Mala
Mujer;Pregrado;Público;19;1;11;12;Sí;Sí;Sí;Mala
Hombre;Pregrado;Público;7;15;10;18;No;No;Sí;Buena
Hombre;Posgrado;Privado;4;2;9;13;No;Sí;Sí;Buena
Hombre;Pregrado;Público;12;9;15;4;Sí;Sí;Sí;Buena
Hombre;Posgrado;Público;20;10;15;7;Sí;Sí;Sí;Mala
Hombre;Pregrado;Público;14;6;14;11;Sí;Sí;Sí;Mala
Hombre;Posgrado;Público;4;21;0;2;No;No;No;Buena
Mujer;Pregrado;Público;0;19;6;0;No;No;No;Buena
Mujer;Pregrado;Público;3;24;0;3;No;No;No;Buena
Hombre;Posgrado;Público;9;19;8;7;No;No;Sí;Buena
Hombre;Pregrado;Público;18;7;19;17;Sí;Sí;Sí;Mala
Hombre;Pregrado;Público;7;18;12;2;No;No;Sí;Buena
Hombre;Posgrado;Público;12;11;16;8;Sí;Sí;Sí;Buena
Mujer;Posgrado;Público;0;17;8;5;No;No;Sí;Buena
Mujer;Posgrado;Público;7;4;13;21;No;Sí;Sí;Buena
Hombre;Posgrado;Público;7;11;6;0;No;Sí;No;Buena
Hombre;Posgrado;Público;2;22;7;4;No;No;No;Buena
Hombre;Pregrado;Público;13;11;18;9;Sí;Sí;Sí;Buena
Mujer;Posgrado;Público;15;14;16;13;Sí;No;Sí;Buena
Hombre;Posgrado;Público;12;14;14;4;Sí;No;Sí;Buena
Hombre;Pregrado;Público;7;16;11;5;No;No;Sí;Buena
Mujer;Pregrado;Público;16;12;15;13;Sí;Sí;Sí;Mala
Mujer;Posgrado;Público;14;12;12;11;Sí;Sí;Sí;Buena
Hombre;Pregrado;Público;2;18;9;9;No;No;Sí;Buena
Mujer;Posgrado;Público;9;11;17;7;No;Sí;Sí;Buena
Hombre;Posgrado;Público;5;5;11;8;No;Sí;Sí;Buena
Mujer;Posgrado;Público;7;11;15;16;No;Sí;Sí;Buena
Mujer;Posgrado;Público;16;18;14;9;Sí;No;Sí;Mala
Mujer;Posgrado;Público;11;15;12;8;Sí;No;Sí;Buena
Mujer;Posgrado;Público;11;15;12;8;Sí;No;Sí;Buena
Hombre;Pregrado;Público;9;10;15;12;No;Sí;Sí;Mala
Hombre;Pregrado;Público;5;11;10;4;No;Sí;Sí;Buena
Mujer;Posgrado;Público;12;18;16;9;Sí;No;Sí;Buena
Hombre;Pregrado;Privado;15;10;16;12;Sí;Sí;Sí;Mala
Mujer;Posgrado;Público;15;12;12;14;Sí;Sí;Sí;Mala
Mujer;Pregrado;Público;9;15;18;5;No;No;Sí;Mala
Hombre;Posgrado;Privado;11;5;6;0;Sí;Sí;No;Mala
Hombre;Posgrado;Público;14;18;14;9;Sí;No;Sí;Mala
Hombre;Posgrado;Público;5;20;9;9;No;No;Sí;Buena
Mujer;Posgrado;Público;11;11;15;7;Sí;Sí;Sí;Buena
Mujer;Pregrado;Público;4;18;11;3;No;No;Sí;Buena
Mujer;Pregrado;Público;19;10;16;13;Sí;Sí;Sí;Mala
Hombre;Posgrado;Público;16;21;12;3;Sí;No;Sí;Buena
Mujer;Posgrado;Público;17;11;18;13;Sí;Sí;Sí;Buena
Mujer;Pregrado;Público;4;10;10;0;No;Sí;Sí;Mala
Hombre;Posgrado;Público;17;4;13;7;Sí;Sí;Sí;Mala
Mujer;Posgrado;Privado;14;0;18;11;Sí;Sí;Sí;Mala
Hombre;Posgrado;Público;0;20;0;1;No;No;No;Buena
Mujer;Pregrado;Privado;1;20;0;2;No;No;No;Buena
Mujer;Posgrado;Público;10;16;3;5;Sí;No;No;Buena
Mujer;Pregrado;Público;6;14;12;9;No;No;Sí;Buena
Hombre;Pregrado;Privado;12;8;14;7;Sí;Sí;Sí;Mala
Hombre;Posgrado;Público;6;20;10;1;No;No;Sí;Buena
Hombre;Posgrado;Público;4;5;11;0;No;Sí;Sí;Buena
Hombre;Posgrado;Público;10;17;15;5;Sí;No;Sí;Buena
Mujer;Pregrado;Público;9;14;15;13;No;No;Sí;Mala
Hombre;Posgrado;Privado;18;23;13;12;Sí;No;Sí;Buena
Mujer;Posgrado;Público;7;4;12;10;No;Sí;Sí;Mala
Hombre;Posgrado;Público;9;20;14;14;No;No;Sí;Buena
Hombre;Posgrado;Público;5;10;11;2;No;Sí;Sí;Buena
Hombre;Pregrado;Público;11;18;11;5;Sí;No;Sí;Buena
Hombre;Pregrado;Privado;10;11;11;7;Sí;Sí;Sí;Mala
Mujer;Pregrado;Público;18;4;17;18;Sí;Sí;Sí;Mala
Hombre;Pregrado;Público;6;7;16;9;No;Sí;Sí;Buena
Hombre;Posgrado;Público;8;18;10;12;No;No;Sí;Buena
Hombre;Posgrado;Público;7;18;1;17;No;No;No;Buena
Hombre;Posgrado;Público;9;10;14;2;No;Sí;Sí;Buena
Hombre;Pregrado;Público;21;3;19;17;Sí;Sí;Sí;Mala
Hombre;Pregrado;Público;12;15;12;4;Sí;No;Sí;Buena
Hombre;Posgrado;Público;15;9;13;13;Sí;Sí;Sí;Buena
Mujer;Posgrado;Público;4;14;6;12;No;No;No;Mala
Mujer;Pregrado;Público;15;2;16;11;Sí;Sí;Sí;Buena
Hombre;Pregrado;Público;1;18;8;13;No;No;Sí;Buena
Hombre;Pregrado;Público;12;14;0;0;Sí;No;No;Mala
Mujer;Posgrado;Público;8;10;11;1;No;Sí;Sí;Buena
Hombre;Pregrado;Público;7;5;10;11;No;Sí;Sí;Buena
Mujer;Pregrado;Público;6;20;11;1;No;No;Sí;Buena
Mujer;Pregrado;Público;20;11;17;20;Sí;Sí;Sí;Mala
Hombre;Posgrado;Público;6;9;9;9;No;Sí;Sí;Buena
Hombre;Pregrado;Público;3;17;11;4;No;No;Sí;Buena
Hombre;Posgrado;Público;12;10;10;5;Sí;Sí;Sí;Mala
Hombre;Posgrado;Público;16;14;19;4;Sí;No;Sí;Mala
Mujer;Posgrado;Público;14;10;11;4;Sí;Sí;Sí;Buena
Mujer;Pregrado;Público;7;5;14;15;No;Sí;Sí;Buena
Mujer;Posgrado;Público;13;9;12;2;Sí;Sí;Sí;Buena
Hombre;Pregrado;Público;5;12;9;3;No;Sí;Sí;Mala
Hombre;Pregrado;Público;11;12;8;11;Sí;Sí;Sí;Mala
Hombre;Pregrado;Público;15;17;12;6;Sí;No;Sí;Buena
Hombre;Posgrado;Público;1;20;5;7;No;No;No;Buena
Hombre;Posgrado;Público;13;16;7;14;Sí;No;No;Buena
Mujer;Pregrado;Público;12;1;9;9;Sí;Sí;Sí;Buena
Hombre;Pregrado;Público;4;4;7;0;No;Sí;No;Buena
Mujer;Posgrado;Público;2;6;11;7;No;Sí;Sí;Buena
Hombre;Posgrado;Público;20;6;14;3;Sí;Sí;Sí;Buena
Mujer;Posgrado;Público;2;6;11;7;No;Sí;Sí;Buena
Hombre;Posgrado;Público;18;10;11;6;Sí;Sí;Sí;Buena
Hombre;Pregrado;Público;6;19;11;11;No;No;Sí;Buena
Mujer;Pregrado;Público;3;15;11;2;No;No;Sí;Buena
Hombre;Posgrado;Público;11;13;9;15;Sí;No;Sí;Buena
Hombre;Posgrado;Público;4;20;8;6;No;No;Sí;Buena
Hombre;Posgrado;Privado;3;24;8;3;No;No;Sí;Buena
Mujer;Pregrado;Público;5;12;12;4;No;Sí;Sí;Buena
Hombre;Pregrado;Público;4;15;13;9;No;No;Sí;Buena
Mujer;Posgrado;Público;9;19;11;8;No;No;Sí;Buena
Hombre;Posgrado;Privado;6;16;5;10;No;No;No;Buena
Hombre;Posgrado;Privado;6;16;5;10;No;No;No;Buena
Hombre;Posgrado;Privado;6;16;5;10;No;No;No;Buena
Hombre;Pregrado;Público;21;2;13;0;Sí;Sí;Sí;Mala
Hombre;Pregrado;Público;15;15;14;1;Sí;No;Sí;Buena
Mujer;Posgrado;Público;11;10;14;9;Sí;Sí;Sí;Mala
Hombre;Posgrado;Público;3;13;11;2;No;No;Sí;Buena
Hombre;Pregrado;Privado;7;6;14;14;No;Sí;Sí;Mala
Mujer;Posgrado;Público;12;19;17;9;Sí;No;Sí;Mala
Hombre;Posgrado;Público;0;2;15;8;No;Sí;Sí;Mala
Mujer;Pregrado;Público;16;14;12;8;Sí;No;Sí;Mala
Mujer;Pregrado;Público;2;22;14;1;No;No;Sí;Buena
Hombre;Posgrado;Público;20;12;18;21;Sí;Sí;Sí;Mala
Hombre;Posgrado;Privado;6;19;11;7;No;No;Sí;Buena
Mujer;Posgrado;Público;14;13;15;15;Sí;No;Sí;Mala
Hombre;Posgrado;Público;8;6;12;7;No;Sí;Sí;Buena
Hombre;Posgrado;Público;3;13;5;10;No;No;No;Buena
Hombre;Posgrado;Público;6;13;11;14;No;No;Sí;Mala
Mujer;Posgrado;Privado;8;16;7;1;No;No;No;Buena
Hombre;Posgrado;Público;9;14;13;9;No;No;Sí;Buena
Hombre;Posgrado;Público;11;16;10;3;Sí;No;Sí;Buena
Hombre;Pregrado;Público;6;14;14;4;No;No;Sí;Mala
Hombre;Posgrado;Público;16;5;12;12;Sí;Sí;Sí;Buena
Hombre;Posgrado;Público;6;14;12;6;No;No;Sí;Buena
Hombre;Posgrado;Público;12;17;14;13;Sí;No;Sí;Buena
Hombre;Pregrado;Público;7;19;11;16;No;No;Sí;Buena
Hombre;Posgrado;Público;15;12;17;18;Sí;Sí;Sí;Buena
Mujer;Posgrado;Público;15;25;11;10;Sí;No;Sí;Buena
Hombre;Posgrado;Público;14;15;16;13;Sí;No;Sí;Buena
Hombre;Posgrado;Público;9;15;9;6;No;No;Sí;Buena
Hombre;Posgrado;Público;10;21;17;13;Sí;No;Sí;Buena
Hombre;Pregrado;Público;8;7;6;3;No;Sí;No;Buena
Hombre;Pregrado;Público;10;14;11;16;Sí;No;Sí;Mala
Mujer;Posgrado;Público;14;10;12;11;Sí;Sí;Sí;Buena
Hombre;Posgrado;Privado;4;14;9;9;No;No;Sí;Buena
Hombre;Pregrado;Público;15;12;19;7;Sí;Sí;Sí;Buena
Hombre;Posgrado;Privado;2;11;11;15;No;Sí;Sí;Buena
Mujer;Posgrado;Público;16;10;15;15;Sí;Sí;Sí;Buena
Hombre;Posgrado;Público;16;13;13;12;Sí;No;Sí;Buena
Hombre;Pregrado;Público;10;15;13;11;Sí;No;Sí;Buena
Hombre;Pregrado;Público;21;1;15;18;Sí;Sí;Sí;Buena
Mujer;Pregrado;Público;3;13;8;11;No;No;Sí;Buena
Mujer;Pregrado;Público;3;13;8;11;No;No;Sí;Buena
Hombre;Posgrado;Público;3;19;11;9;No;No;Sí;Buena
Hombre;Pregrado;Público;4;3;8;6;No;Sí;Sí;Buena
Mujer;Posgrado;Público;12;8;11;5;Sí;Sí;Sí;Buena
Hombre;Pregrado;Público;10;14;18;8;Sí;No;Sí;Mala
Hombre;Pregrado;Público;7;14;17;21;No;No;Sí;Buena
Hombre;Posgrado;Público;15;4;14;16;Sí;Sí;Sí;Buena
Mujer;Posgrado;Público;12;3;12;8;Sí;Sí;Sí;Mala
Hombre;Posgrado;Público;2;24;3;1;No;No;No;Buena
Mujer;Posgrado;Público;7;5;21;21;No;Sí;Sí;Mala
Mujer;Posgrado;Público;9;16;16;14;No;No;Sí;Mala
Hombre;Posgrado;Público;9;18;7;2;No;No;No;Buena
Hombre;Pregrado;Público;16;2;12;8;Sí;Sí;Sí;Buena
Hombre;Posgrado;Público;7;6;11;17;No;Sí;Sí;Buena
Mujer;Pregrado;Público;12;20;10;8;Sí;No;Sí;Buena
Hombre;Posgrado;Público;11;10;13;10;Sí;Sí;Sí;Mala
Hombre;Pregrado;Privado;10;22;6;12;Sí;No;No;Mala
Hombre;Posgrado;Público;8;9;10;4;No;Sí;Sí;Mala
Hombre;Pregrado;Público;5;13;14;9;No;No;Sí;Buena
Mujer;Pregrado;Público;13;10;4;9;Sí;Sí;No;Buena
Mujer;Pregrado;Público;14;14;16;10;Sí;No;Sí;Buena
Hombre;Posgrado;Privado;6;15;12;10;No;No;Sí;Mala
Hombre;Posgrado;Público;6;9;8;5;No;Sí;Sí;Buena
Mujer;Pregrado;Público;14;19;19;11;Sí;No;Sí;Mala
Hombre;Posgrado;Público;18;23;16;5;Sí;No;Sí;Buena
Mujer;Posgrado;Público;13;9;10;14;Sí;Sí;Sí;Buena
Mujer;Pregrado;Público;10;18;9;4;Sí;No;Sí;Buena
Mujer;Posgrado;Público;15;6;19;11;Sí;Sí;Sí;Mala
Hombre;Posgrado;Público;10;16;11;9;Sí;No;Sí;Buena
Mujer;Posgrado;Público;19;3;8;11;Sí;Sí;Sí;Mala
Mujer;Pregrado;Público;3;15;3;8;No;No;No;Buena
Hombre;Posgrado;Público;12;10;4;4;Sí;Sí;No;Buena
Mujer;Pregrado;Público;7;15;9;10;No;No;Sí;Mala
Mujer;Pregrado;Público;11;10;17;13;Sí;Sí;Sí;Mala
Mujer;Pregrado;Público;12;11;14;4;Sí;Sí;Sí;Buena
Hombre;Posgrado;Público;5;9;4;6;No;Sí;No;Buena
Hombre;Pregrado;Público;10;12;9;21;Sí;Sí;Sí;Buena
Mujer;Pregrado;Público;12;11;14;4;Sí;Sí;Sí;Buena
Hombre;Pregrado;Público;12;8;16;14;Sí;Sí;Sí;Mala
Hombre;Posgrado;Público;16;2;15;15;Sí;Sí;Sí;Mala
Hombre;Posgrado;Público;10;6;11;18;Sí;Sí;Sí;Buena
Hombre;Posgrado;Público;20;5;11;7;Sí;Sí;Sí;Buena
Hombre;Pregrado;Público;4;11;5;2;No;Sí;No;Buena
Mujer;Posgrado;Privado;14;6;15;9;Sí;Sí;Sí;Buena
Hombre;Pregrado;Público;3;17;6;2;No;No;No;Buena
Hombre;Posgrado;Público;15;9;13;15;Sí;Sí;Sí;Buena
Hombre;Posgrado;Público;6;15;10;5;No;No;Sí;Buena
Mujer;Pregrado;Público;14;9;12;10;Sí;Sí;Sí;Mala
Mujer;Posgrado;Público;10;17;15;13;Sí;No;Sí;Buena
Hombre;Pregrado;Público;13;19;14;12;Sí;No;Sí;Buena
Mujer;Posgrado;Público;8;14;10;11;No;No;Sí;Mala
Mujer;Posgrado;Público;18;16;16;6;Sí;No;Sí;Buena
Hombre;Posgrado;Público;19;11;12;14;Sí;Sí;Sí;Mala
Hombre;Pregrado;Público;18;14;17;20;Sí;No;Sí;Mala
Mujer;Pregrado;Público;6;11;12;8;No;Sí;Sí;Buena
Hombre;Pregrado;Público;11;18;15;14;Sí;No;Sí;Buena
Mujer;Posgrado;Público;14;16;15;14;Sí;No;Sí;Buena
Hombre;Posgrado;Privado;18;6;14;18;Sí;Sí;Sí;Buena
Hombre;Pregrado;Público;7;18;17;13;No;No;Sí;Mala
Mujer;Pregrado;Público;7;18;7;12;No;No;No;Buena
Mujer;Posgrado;Público;8;14;11;0;No;No;Sí;Buena
Hombre;Posgrado;Público;14;8;16;18;Sí;Sí;Sí;Mala
Hombre;Posgrado;Público;10;22;5;16;Sí;No;No;Mala
Hombre;Posgrado;Público;12;10;14;11;Sí;Sí;Sí;Buena
Hombre;Pregrado;Público;19;4;19;16;Sí;Sí;Sí;Buena
Mujer;Pregrado;Público;11;17;12;14;Sí;No;Sí;Buena
Hombre;Pregrado;Público;6;10;9;5;No;Sí;Sí;Buena
Mujer;Posgrado;Público;21;1;13;18;Sí;Sí;Sí;Mala
Mujer;Posgrado;Público;11;7;11;9;Sí;Sí;Sí;Mala
Mujer;Pregrado;Público;0;15;10;5;No;No;Sí;Buena
Mujer;Posgrado;Público;4;17;11;3;No;No;Sí;Buena
Mujer;Pregrado;Público;7;3;17;19;No;Sí;Sí;Mala
Mujer;Pregrado;Público;21;7;15;17;Sí;Sí;Sí;Mala
Mujer;Posgrado;Público;9;19;14;1;No;No;Sí;Buena
Mujer;Posgrado;Público;4;25;10;4;No;No;Sí;Buena
Hombre;Posgrado;Público;4;5;12;7;No;Sí;Sí;Buena
Hombre;Posgrado;Privado;11;5;7;9;Sí;Sí;No;Buena
Hombre;Pregrado;Público;12;7;9;2;Sí;Sí;Sí;Buena
Hombre;Pregrado;Público;12;7;9;2;Sí;Sí;Sí;Buena
Mujer;Posgrado;Público;21;11;20;11;Sí;Sí;Sí;Buena
Mujer;Posgrado;Público;10;11;15;9;Sí;Sí;Sí;Mala
Hombre;Pregrado;Privado;0;16;14;18;No;No;Sí;Mala
Hombre;Pregrado;Público;2;20;11;11;No;No;Sí;Buena
Mujer;Posgrado;Público;14;12;18;9;Sí;Sí;Sí;Mala
Mujer;Posgrado;Público;11;22;16;4;Sí;No;Sí;Buena
Hombre;Pregrado;Público;6;9;5;7;No;Sí;No;Buena
Hombre;Pregrado;Público;12;6;10;8;Sí;Sí;Sí;Buena
Hombre;Pregrado;Público;7;11;12;15;No;Sí;Sí;Buena
Mujer;Posgrado;Privado;18;24;17;0;Sí;No;Sí;Buena
Mujer;Posgrado;Público;9;6;14;19;No;Sí;Sí;Buena
Mujer;Posgrado;Público;11;6;14;24;Sí;Sí;Sí;Buena
Mujer;Pregrado;Público;15;7;14;18;Sí;Sí;Sí;Mala
Mujer;Posgrado;Público;14;16;14;5;Sí;No;Sí;Buena
Hombre;Posgrado;Público;14;11;17;17;Sí;Sí;Sí;Buena
Hombre;Pregrado;Público;7;20;10;0;No;No;Sí;Buena
Mujer;Posgrado;Público;7;12;12;17;No;Sí;Sí;Mala
Hombre;Posgrado;Público;4;9;13;16;No;Sí;Sí;Buena
Hombre;Posgrado;Público;9;16;13;16;No;No;Sí;Buena
Mujer;Posgrado;Público;9;12;10;21;No;Sí;Sí;Mala
Hombre;Posgrado;Público;16;2;12;9;Sí;Sí;Sí;Buena
Mujer;Posgrado;Público;2;13;9;5;No;No;Sí;Buena
Hombre;Pregrado;Público;8;20;6;1;No;No;No;Buena
Hombre;Pregrado;Público;5;15;8;10;No;No;Sí;Buena
Mujer;Posgrado;Público;8;1;15;15;No;Sí;Sí;Buena
Mujer;Pregrado;Público;13;12;13;16;Sí;Sí;Sí;Mala
Mujer;Posgrado;Público;13;3;14;9;Sí;Sí;Sí;Mala
Mujer;Pregrado;Público;5;16;8;8;No;No;Sí;Buena
Mujer;Pregrado;Público;4;18;12;7;No;No;Sí;Buena
Hombre;Posgrado;Público;9;12;15;5;No;Sí;Sí;Buena
Mujer;Posgrado;Público;10;11;12;10;Sí;Sí;Sí;Buena
Hombre;Pregrado;Público;14;15;13;0;Sí;No;Sí;Buena
Hombre;Posgrado;Público;5;4;11;11;No;Sí;Sí;Buena
Mujer;Posgrado;Público;18;8;16;10;Sí;Sí;Sí;Mala
Hombre;Posgrado;Público;17;9;14;4;Sí;Sí;Sí;Buena
Mujer;Posgrado;Público;19;11;13;13;Sí;Sí;Sí;Mala
Mujer;Posgrado;Público;12;18;17;10;Sí;No;Sí;Buena
Hombre;Pregrado;Público;0;25;7;0;No;No;No;Buena
Mujer;Pregrado;Público;11;2;16;11;Sí;Sí;Sí;Mala
Hombre;Pregrado;Público;5;17;11;16;No;No;Sí;Buena
Hombre;Posgrado;Público;4;12;10;15;No;Sí;Sí;Buena
Mujer;Pregrado;Público;15;12;11;4;Sí;Sí;Sí;Mala
Hombre;Pregrado;Público;18;19;19;10;Sí;No;Sí;Buena
Mujer;Pregrado;Público;4;15;10;8;No;No;Sí;Buena
Hombre;Posgrado;Público;8;7;6;15;No;Sí;No;Mala
Hombre;Posgrado;Público;11;5;12;11;Sí;Sí;Sí;Buena
Hombre;Posgrado;Público;7;15;14;18;No;No;Sí;Buena
Mujer;Pregrado;Público;3;15;10;5;No;No;Sí;Buena
Mujer;Posgrado;Público;9;10;10;14;No;Sí;Sí;Buena
Mujer;Pregrado;Público;13;16;13;7;Sí;No;Sí;Buena
Mujer;Pregrado;Público;18;12;14;14;Sí;Sí;Sí;Mala
Hombre;Pregrado;Privado;9;20;13;10;No;No;Sí;Buena
Mujer;Pregrado;Público;14;13;12;20;Sí;No;Sí;Buena
Mujer;Pregrado;Público;18;4;13;16;Sí;Sí;Sí;Mala
Hombre;Pregrado;Público;15;6;14;15;Sí;Sí;Sí;Buena
Hombre;Pregrado;Público;16;6;13;15;Sí;Sí;Sí;Buena
Hombre;Pregrado;Público;11;5;15;12;Sí;Sí;Sí;Buena
Hombre;Pregrado;Público;3;17;5;3;No;No;No;Buena
Mujer;Pregrado;Público;16;1;17;18;Sí;Sí;Sí;Mala
Hombre;Pregrado;Privado;0;22;8;9;No;No;Sí;Buena
Hombre;Pregrado;Público;1;24;5;2;No;No;No;Buena
Mujer;Posgrado;Público;8;15;11;14;No;No;Sí;Buena
Mujer;Posgrado;Público;14;15;11;3;Sí;No;Sí;Buena
Hombre;Posgrado;Público;3;11;6;5;No;Sí;No;Buena
Hombre;Posgrado;Público;5;6;6;5;No;Sí;No;Buena
Hombre;Posgrado;Público;11;18;10;4;Sí;No;Sí;Buena
Hombre;Pregrado;Público;0;19;5;8;No;No;No;Buena
Mujer;Posgrado;Público;8;14;10;2;No;No;Sí;Buena
Hombre;Posgrado;Público;17;3;12;0;Sí;Sí;Sí;Mala
Hombre;Pregrado;Público;5;11;13;14;No;Sí;Sí;Buena
Hombre;Posgrado;Privado;21;18;18;5;Sí;No;Sí;Mala
Hombre;Posgrado;Público;6;13;11;3;No;No;Sí;Buena
Hombre;Posgrado;Público;7;9;11;3;No;Sí;Sí;Mala
Hombre;Pregrado;Público;9;19;9;10;No;No;Sí;Buena
Hombre;Pregrado;Público;13;12;10;3;Sí;Sí;Sí;Buena
Hombre;Pregrado;Público;21;1;15;24;Sí;Sí;Sí;Buena
Hombre;Pregrado;Público;12;13;13;9;Sí;No;Sí;Mala
Mujer;Pregrado;Público;5;20;13;14;No;No;Sí;Mala
Mujer;Posgrado;Público;10;13;9;11;Sí;No;Sí;Mala
Hombre;Pregrado;Público;0;20;0;1;No;No;No;Buena
Hombre;Pregrado;Público;3;17;8;0;No;No;Sí;Buena
Hombre;Pregrado;Público;5;15;6;4;No;No;No;Buena
Hombre;Posgrado;Público;7;15;13;18;No;No;Sí;Buena
Hombre;Pregrado;Privado;11;13;8;12;Sí;No;Sí;Mala
Mujer;Pregrado;Público;2;20;8;24;No;No;Sí;Mala
Hombre;Pregrado;Público;11;17;13;8;Sí;No;Sí;Buena
Mujer;Pregrado;Público;3;13;11;6;No;No;Sí;Buena
Hombre;Pregrado;Privado;16;16;16;15;Sí;No;Sí;Buena
Hombre;Pregrado;Público;5;18;8;16;No;No;Sí;Mala
Hombre;Posgrado;Público;8;14;11;1;No;No;Sí;Buena
Mujer;Pregrado;Público;21;14;15;8;Sí;No;Sí;Mala
Mujer;Pregrado;Público;21;4;18;10;Sí;Sí;Sí;Buena
Hombre;Pregrado;Público;0;22;19;1;No;No;Sí;Buena
Hombre;Posgrado;Privado;1;2;9;0;No;Sí;Sí;Buena
Hombre;Posgrado;Privado;1;2;9;0;No;Sí;Sí;Buena
Hombre;Posgrado;Privado;1;2;9;0;No;Sí;Sí;Buena
Mujer;Posgrado;Público;14;4;15;19;Sí;Sí;Sí;Buena
Hombre;Posgrado;Público;17;2;18;9;Sí;Sí;Sí;Buena
Mujer;Posgrado;Público;5;10;12;8;No;Sí;Sí;Buena
Hombre;Posgrado;Público;0;20;5;0;No;No;No;Buena
Mujer;Posgrado;Público;5;13;10;4;No;No;Sí;Mala
Hombre;Pregrado;Público;3;16;14;23;No;No;Sí;Buena
Hombre;Pregrado;Público;5;20;12;0;No;No;Sí;Buena
Hombre;Pregrado;Público;10;11;7;13;Sí;Sí;No;Buena
Hombre;Posgrado;Público;5;19;8;4;No;No;Sí;Buena
Mujer;Pregrado;Público;0;23;4;4;No;No;No;Buena
Hombre;Pregrado;Público;12;15;13;10;Sí;No;Sí;Buena
Hombre;Pregrado;Privado;5;22;10;15;No;No;Sí;Buena
Hombre;Posgrado;Público;13;17;14;13;Sí;No;Sí;Buena
Hombre;Pregrado;Público;21;0;5;0;Sí;Sí;No;Mala
Mujer;Pregrado;Público;14;3;13;11;Sí;Sí;Sí;Buena
Hombre;Posgrado;Público;6;20;7;0;No;No;No;Buena
Mujer;Posgrado;Público;9;16;7;4;No;No;No;Buena
Hombre;Posgrado;Público;5;15;9;13;No;No;Sí;Mala
Mujer;Posgrado;Público;12;7;17;10;Sí;Sí;Sí;Buena
Hombre;Posgrado;Público;7;21;14;2;No;No;Sí;Buena
Hombre;Posgrado;Público;8;11;7;13;No;Sí;No;Buena
Mujer;Posgrado;Privado;4;14;10;9;No;No;Sí;Buena
Hombre;Posgrado;Público;10;18;13;7;Sí;No;Sí;Buena
Mujer;Posgrado;Público;11;5;11;8;Sí;Sí;Sí;Buena
Mujer;Posgrado;Público;18;3;19;20;Sí;Sí;Sí;Mala
Hombre;Posgrado;Público;14;13;13;4;Sí;No;Sí;Buena
Hombre;Posgrado;Público;4;12;11;26;No;Sí;Sí;Buena
Hombre;Posgrado;Público;14;14;11;7;Sí;No;Sí;Buena
Mujer;Posgrado;Público;13;3;14;2;Sí;Sí;Sí;Buena
Hombre;Posgrado;Público;10;4;18;20;Sí;Sí;Sí;Buena
Hombre;Pregrado;Público;3;16;1;4;No;No;No;Buena
Hombre;Posgrado;Privado;15;5;0;14;Sí;Sí;No;Mala
Hombre;Posgrado;Público;14;15;14;0;Sí;No;Sí;Buena
Hombre;Posgrado;Público;0;20;0;0;No;No;No;Buena
Hombre;Pregrado;Público;1;15;0;3;No;No;No;Buena
Hombre;Pregrado;Público;7;25;10;0;No;No;Sí;Buena
Hombre;Pregrado;Público;7;15;11;2;No;No;Sí;Buena
Mujer;Pregrado;Público;5;6;15;9;No;Sí;Sí;Buena
Mujer;Posgrado;Público;10;16;13;14;Sí;No;Sí;Buena
Hombre;Pregrado;Público;10;19;10;0;Sí;No;Sí;Buena
Mujer;Pregrado;Público;18;3;19;11;Sí;Sí;Sí;Mala
Mujer;Posgrado;Público;9;15;12;16;No;No;Sí;Buena
Mujer;Posgrado;Público;15;11;19;9;Sí;Sí;Sí;Mala
Mujer;Posgrado;Público;11;13;17;6;Sí;No;Sí;Buena
Hombre;Posgrado;Público;0;20;9;0;No;No;Sí;Buena
Mujer;Posgrado;Público;9;15;14;11;No;No;Sí;Buena
Hombre;Pregrado;Público;8;8;10;8;No;Sí;Sí;Mala
Hombre;Pregrado;Público;7;15;14;15;No;No;Sí;Buena
Mujer;Pregrado;Público;9;18;12;0;No;No;Sí;Buena
Mujer;Pregrado;Público;14;8;14;13;Sí;Sí;Sí;Buena
Hombre;Pregrado;Público;9;14;12;8;No;No;Sí;Buena
Mujer;Posgrado;Público;11;12;14;10;Sí;Sí;Sí;Mala
Mujer;Pregrado;Público;12;2;8;6;Sí;Sí;Sí;Mala
Hombre;Posgrado;Público;4;17;8;2;No;No;Sí;Buena
Mujer;Pregrado;Público;10;12;14;9;Sí;Sí;Sí;Buena
Hombre;Posgrado;Público;5;18;8;6;No;No;Sí;Buena
Mujer;Posgrado;Público;19;7;16;20;Sí;Sí;Sí;Buena
Hombre;Posgrado;Público;17;18;12;18;Sí;No;Sí;Buena
Mujer;Posgrado;Público;15;2;17;10;Sí;Sí;Sí;Buena
Hombre;Posgrado;Público;3;11;11;7;No;Sí;Sí;Buena
Hombre;Posgrado;Público;7;14;10;3;No;No;Sí;Buena
Hombre;Pregrado;Público;9;13;11;10;No;No;Sí;Buena
Mujer;Posgrado;Público;7;9;12;7;No;Sí;Sí;Buena
Mujer;Posgrado;Público;4;14;5;11;No;No;No;Buena
Mujer;Posgrado;Público;8;8;11;9;No;Sí;Sí;Buena
Mujer;Posgrado;Público;11;16;13;25;Sí;No;Sí;Buena
Hombre;Pregrado;Público;9;21;12;0;No;No;Sí;Buena
Hombre;Posgrado;Público;2;17;8;5;No;No;Sí;Buena
Hombre;Posgrado;Público;8;15;3;2;No;No;No;Buena
Hombre;Posgrado;Público;1;16;5;0;No;No;No;Buena
Hombre;Posgrado;Público;10;10;8;1;Sí;Sí;Sí;Buena
Mujer;Pregrado;Público;12;2;15;5;Sí;Sí;Sí;Buena
Mujer;Posgrado;Público;0;19;9;0;No;No;Sí;Buena
Hombre;Posgrado;Público;17;19;14;9;Sí;No;Sí;Mala
Mujer;Pregrado;Público;3;17;10;4;No;No;Sí;Buena
Hombre;Pregrado;Público;21;25;21;0;Sí;No;Sí;Buena
Hombre;Posgrado;Público;8;11;11;8;No;Sí;Sí;Mala
Hombre;Posgrado;Público;10;14;15;12;Sí;No;Sí;Mala
Hombre;Posgrado;Público;6;7;16;5;No;Sí;Sí;Mala
Mujer;Posgrado;Público;7;14;15;1;No;No;Sí;Mala
Hombre;Pregrado;Público;10;16;9;2;Sí;No;Sí;Buena
Mujer;Pregrado;Público;4;19;7;0;No;No;No;Buena
Hombre;Pregrado;Público;9;20;14;16;No;No;Sí;Buena
Mujer;Posgrado;Público;2;20;8;1;No;No;Sí;Buena
Mujer;Posgrado;Público;4;17;9;8;No;No;Sí;Buena
Hombre;Posgrado;Público;9;16;10;3;No;No;Sí;Buena
Mujer;Posgrado;Público;3;22;11;3;No;No;Sí;Buena
Hombre;Posgrado;Público;7;16;15;7;No;No;Sí;Buena
Mujer;Posgrado;Público;11;6;10;18;Sí;Sí;Sí;Buena
Mujer;Posgrado;Público;9;9;13;5;No;Sí;Sí;Buena
Mujer;Posgrado;Público;9;15;9;6;No;No;Sí;Mala
Hombre;Pregrado;Público;7;18;7;16;No;No;No;Buena
Mujer;Pregrado;Público;18;2;8;9;Sí;Sí;Sí;Mala
Mujer;Posgrado;Público;18;7;17;18;Sí;Sí;Sí;Mala
Hombre;Posgrado;Público;10;13;10;4;Sí;No;Sí;Buena
Mujer;Posgrado;Público;16;19;17;14;Sí;No;Sí;Buena
Hombre;Posgrado;Público;4;11;5;14;No;Sí;No;Mala
Mujer;Posgrado;Público;17;13;10;6;Sí;No;Sí;Buena
Mujer;Pregrado;Público;10;4;13;14;Sí;Sí;Sí;Buena
Hombre;Posgrado;Público;1;18;3;3;No;No;No;Buena
Mujer;Pregrado;Público;16;14;16;10;Sí;No;Sí;Buena
Mujer;Posgrado;Público;4;16;10;3;No;No;Sí;Buena
Hombre;Posgrado;Público;15;22;18;4;Sí;No;Sí;Buena
Mujer;Posgrado;Público;4;13;3;5;No;No;No;Buena
Mujer;Pregrado;Público;14;1;16;10;Sí;Sí;Sí;Mala
Mujer;Posgrado;Público;7;15;12;1;No;No;Sí;Buena
Mujer;Posgrado;Público;4;19;10;3;No;No;Sí;Buena
Hombre;Pregrado;Público;1;16;2;8;No;No;No;Buena
Hombre;Posgrado;Público;3;18;6;1;No;No;No;Buena
Mujer;Posgrado;Público;11;11;9;5;Sí;Sí;Sí;Buena
Hombre;Posgrado;Público;6;14;12;22;No;No;Sí;Mala
Hombre;Pregrado;Público;14;7;10;11;Sí;Sí;Sí;Mala
Hombre;Pregrado;Público;11;17;17;20;Sí;No;Sí;Mala
Hombre;Posgrado;Público;6;12;9;0;No;Sí;Sí;Buena
Mujer;Pregrado;Público;4;12;9;9;No;Sí;Sí;Mala
Hombre;Posgrado;Público;7;16;8;1;No;No;Sí;Buena
Mujer;Pregrado;Público;7;18;10;5;No;No;Sí;Buena
Mujer;Posgrado;Público;8;10;11;10;No;Sí;Sí;Buena
Mujer;Posgrado;Público;4;13;11;0;No;No;Sí;Buena
Hombre;Posgrado;Público;6;19;15;16;No;No;Sí;Buena
Hombre;Pregrado;Público;12;7;16;13;Sí;Sí;Sí;Buena
Hombre;Posgrado;Público;11;17;18;11;Sí;No;Sí;Mala
Hombre;Posgrado;Público;0;20;9;0;No;No;Sí;Buena
Hombre;Posgrado;Público;1;19;5;3;No;No;No;Buena
Mujer;Posgrado;Público;18;5;13;15;Sí;Sí;Sí;Mala
Hombre;Posgrado;Público;4;21;9;15;No;No;Sí;Buena
Mujer;Posgrado;Público;13;18;8;8;Sí;No;Sí;Buena
Hombre;Pregrado;Público;5;13;6;7;No;No;No;Buena
Hombre;Posgrado;Público;6;18;7;1;No;No;No;Buena
Hombre;Posgrado;Público;6;18;7;1;No;No;No;Buena
Hombre;Pregrado;Público;2;15;4;9;No;No;No;Buena
Mujer;Posgrado;Público;14;17;15;20;Sí;No;Sí;Buena
Mujer;Posgrado;Privado;14;18;18;10;Sí;No;Sí;Buena
Hombre;Posgrado;Público;12;20;10;3;Sí;No;Sí;Buena
Hombre;Posgrado;Público;5;21;7;11;No;No;No;Mala
Mujer;Pregrado;Público;10;14;12;19;Sí;No;Sí;Buena
Mujer;Posgrado;Público;18;10;20;18;Sí;Sí;Sí;Mala
Mujer;Pregrado;Público;11;7;11;10;Sí;Sí;Sí;Buena
Mujer;Posgrado;Público;11;5;16;12;Sí;Sí;Sí;Buena
Hombre;Posgrado;Público;9;14;10;10;No;No;Sí;Buena
Mujer;Posgrado;Público;11;11;11;7;Sí;Sí;Sí;Buena
Mujer;Posgrado;Público;12;12;15;13;Sí;Sí;Sí;Buena
Mujer;Posgrado;Público;19;4;15;13;Sí;Sí;Sí;Buena
Mujer;Posgrado;Público;21;2;14;6;Sí;Sí;Sí;Mala
Hombre;Posgrado;Público;14;2;20;11;Sí;Sí;Sí;Mala
Mujer;Posgrado;Público;2;16;9;2;No;No;Sí;Buena
Hombre;Posgrado;Público;5;16;5;8;No;No;No;Buena
Mujer;Posgrado;Privado;14;8;10;14;Sí;Sí;Sí;Mala
Mujer;Posgrado;Público;21;12;20;7;Sí;Sí;Sí;Mala
Hombre;Posgrado;Público;0;20;7;0;No;No;No;Buena
Mujer;Posgrado;Público;6;11;10;6;No;Sí;Sí;Buena
Mujer;Posgrado;Público;6;9;14;4;No;Sí;Sí;Buena
Hombre;Posgrado;Público;0;15;6;3;No;No;No;Buena
Hombre;Posgrado;Público;14;21;15;2;Sí;No;Sí;Buena
Hombre;Posgrado;Público;14;21;15;2;Sí;No;Sí;Buena
Mujer;Pregrado;Público;18;2;16;11;Sí;Sí;Sí;Mala
Mujer;Posgrado;Público;4;16;7;2;No;No;No;Buena
Mujer;Posgrado;Público;7;10;11;0;No;Sí;Sí;Mala
Hombre;Posgrado;Público;3;22;7;4;No;No;No;Buena
Hombre;Posgrado;Público;10;17;7;10;Sí;No;No;Buena
Mujer;Posgrado;Público;16;17;12;10;Sí;No;Sí;Mala
Mujer;Posgrado;Público;10;11;13;9;Sí;Sí;Sí;Buena
Hombre;Posgrado;Público;3;7;13;3;No;Sí;Sí;Mala
Hombre;Posgrado;Público;21;4;8;4;Sí;Sí;Sí;Mala
Mujer;Pregrado;Público;8;19;5;4;No;No;No;Buena
Mujer;Posgrado;Público;9;15;9;12;No;No;Sí;Buena
Mujer;Pregrado;Público;15;4;13;13;Sí;Sí;Sí;Mala
Mujer;Pregrado;Público;12;15;10;9;Sí;No;Sí;Buena
Hombre;Posgrado;Público;7;22;19;0;No;No;Sí;Buena
Mujer;Posgrado;Público;16;20;14;8;Sí;No;Sí;Buena
Mujer;Posgrado;Público;15;16;10;14;Sí;No;Sí;Mala
Mujer;Pregrado;Público;7;22;13;0;No;No;Sí;Buena
Mujer;Posgrado;Público;14;10;10;8;Sí;Sí;Sí;Buena
Mujer;Pregrado;Público;12;15;12;9;Sí;No;Sí;Buena
Mujer;Posgrado;Público;15;4;15;11;Sí;Sí;Sí;Mala
Mujer;Posgrado;Público;18;16;16;1;Sí;No;Sí;Mala
Mujer;Posgrado;Público;14;16;12;6;Sí;No;Sí;Buena
Hombre;Posgrado;Público;12;9;16;14;Sí;Sí;Sí;Mala
Hombre;Posgrado;Público;14;17;17;18;Sí;No;Sí;Buena
Hombre;Posgrado;Público;20;8;9;5;Sí;Sí;Sí;Mala
Hombre;Pregrado;Público;3;25;9;0;No;No;Sí;Buena
Hombre;Posgrado;Público;12;7;15;0;Sí;Sí;Sí;Buena
Mujer;Posgrado;Público;0;25;7;0;No;No;No;Buena
Mujer;Posgrado;Público;9;10;15;6;No;Sí;Sí;Buena
Mujer;Posgrado;Público;12;10;18;9;Sí;Sí;Sí;Mala
Mujer;Pregrado;Público;7;19;14;13;No;No;Sí;Buena
Hombre;Posgrado;Público;0;20;10;14;No;No;Sí;Buena
Mujer;Posgrado;Público;16;7;17;10;Sí;Sí;Sí;Buena
Hombre;Posgrado;Público;7;18;13;4;No;No;Sí;Buena
Mujer;Posgrado;Público;15;7;16;12;Sí;Sí;Sí;Buena
Hombre;Posgrado;Público;11;6;13;4;Sí;Sí;Sí;Buena
Hombre;Posgrado;Público;3;9;11;2;No;Sí;Sí;Buena
Mujer;Posgrado;Público;9;12;17;10;No;Sí;Sí;Buena
Mujer;Pregrado;Público;10;17;17;8;Sí;No;Sí;Buena
Hombre;Posgrado;Público;10;16;6;15;Sí;No;No;Buena
Mujer;Posgrado;Público;3;21;15;5;No;No;Sí;Buena
Hombre;Posgrado;Público;11;3;7;2;Sí;Sí;No;Mala
Mujer;Posgrado;Público;9;14;11;12;No;No;Sí;Buena
Mujer;Posgrado;Público;4;18;10;5;No;No;Sí;Buena
Hombre;Posgrado;Público;21;15;15;0;Sí;No;Sí;Buena
Hombre;Posgrado;Público;5;19;13;2;No;No;Sí;Mala
Hombre;Posgrado;Público;16;5;16;0;Sí;Sí;Sí;Buena
Hombre;Posgrado;Público;10;12;12;8;Sí;Sí;Sí;Buena
Mujer;Posgrado;Público;3;20;12;2;No;No;Sí;Buena
Hombre;Pregrado;Público;0;19;21;1;No;No;Sí;Buena
Hombre;Pregrado;Público;3;19;10;13;No;No;Sí;Buena
Hombre;Posgrado;Público;11;13;11;12;Sí;No;Sí;Buena
Hombre;Posgrado;Público;11;13;11;12;Sí;No;Sí;Buena
Mujer;Posgrado;Público;12;6;7;7;Sí;Sí;No;Mala
Mujer;Pregrado;Privado;16;2;14;0;Sí;Sí;Sí;Mala
Hombre;Posgrado;Público;4;10;8;17;No;Sí;Sí;Buena
Mujer;Posgrado;Público;5;3;13;2;No;Sí;Sí;Buena
Mujer;Pregrado;Público;8;7;16;16;No;Sí;Sí;Mala
Hombre;Posgrado;Público;14;8;14;3;Sí;Sí;Sí;Mala
Hombre;Posgrado;Público;14;8;14;3;Sí;Sí;Sí;Mala
Hombre;Pregrado;Público;9;7;7;16;No;Sí;No;Mala
Hombre;Pregrado;Público;20;14;11;2;Sí;No;Sí;Buena
Mujer;Pregrado;Público;19;10;15;11;Sí;Sí;Sí;Mala
Mujer;Pregrado;Público;4;8;7;11;No;Sí;No;Buena
Mujer;Posgrado;Público;15;16;13;9;Sí;No;Sí;Buena
Hombre;Posgrado;Público;12;3;5;16;Sí;Sí;No;Mala
Hombre;Posgrado;Público;14;14;11;19;Sí;No;Sí;Buena
Mujer;Posgrado;Público;8;18;17;10;No;No;Sí;Buena
Mujer;Posgrado;Público;11;12;16;6;Sí;Sí;Sí;Buena
Mujer;Posgrado;Público;2;21;7;4;No;No;No;Buena
Hombre;Pregrado;Privado;6;19;10;5;No;No;Sí;Buena
Mujer;Pregrado;Público;2;4;10;2;No;Sí;Sí;Buena
Mujer;Pregrado;Público;21;1;12;17;Sí;Sí;Sí;Buena
Hombre;Pregrado;Público;15;15;3;19;Sí;No;No;Buena
Mujer;Posgrado;Público;3;4;14;12;No;Sí;Sí;Buena
Mujer;Posgrado;Público;8;16;13;16;No;No;Sí;Buena
Mujer;Posgrado;Privado;2;15;9;3;No;No;Sí;Buena
Mujer;Pregrado;Público;5;20;11;6;No;No;Sí;Buena
Hombre;Posgrado;Público;3;22;5;2;No;No;No;Buena
Mujer;Posgrado;Público;17;15;14;4;Sí;No;Sí;Buena
Hombre;Pregrado;Público;7;15;10;10;No;No;Sí;Buena
Hombre;Posgrado;Público;17;3;13;9;Sí;Sí;Sí;Buena
Hombre;Posgrado;Público;7;7;10;4;No;Sí;Sí;Buena
Hombre;Pregrado;Público;8;22;10;0;No;No;Sí;Buena
Hombre;Pregrado;Privado;12;22;21;27;Sí;No;Sí;Buena
Mujer;Posgrado;Público;7;0;9;3;No;Sí;Sí;Buena
Mujer;Pregrado;Público;16;7;13;19;Sí;Sí;Sí;Mala
Hombre;Posgrado;Público;4;18;9;0;No;No;Sí;Buena
Mujer;Pregrado;Público;16;11;13;15;Sí;Sí;Sí;Buena
Hombre;Pregrado;Público;13;18;6;12;Sí;No;No;Buena
Mujer;Pregrado;Público;5;23;15;2;No;No;Sí;Buena
Hombre;Pregrado;Público;9;7;10;6;No;Sí;Sí;Buena
Mujer;Pregrado;Público;17;19;14;14;Sí;No;Sí;Mala
Mujer;Posgrado;Privado;17;10;8;20;Sí;Sí;Sí;Mala
Mujer;Posgrado;Público;5;2;0;5;No;Sí;No;Buena
Hombre;Posgrado;Público;13;9;16;7;Sí;Sí;Sí;Buena
Hombre;Pregrado;Público;9;21;12;6;No;No;Sí;Buena
Mujer;Pregrado;Público;3;22;8;2;No;No;Sí;Buena
Mujer;Posgrado;Público;5;21;9;20;No;No;Sí;Buena
Mujer;Posgrado;Público;3;13;9;9;No;No;Sí;Buena
Mujer;Posgrado;Privado;6;5;14;17;No;Sí;Sí;Buena
Hombre;Posgrado;Público;10;7;6;6;Sí;Sí;No;Buena
Mujer;Pregrado;Público;15;14;16;8;Sí;No;Sí;Buena
Mujer;Posgrado;Público;9;15;14;3;No;No;Sí;Buena
Mujer;Posgrado;Público;19;11;18;10;Sí;Sí;Sí;Buena
Mujer;Posgrado;Público;15;1;16;17;Sí;Sí;Sí;Mala
Mujer;Pregrado;Público;16;21;14;17;Sí;No;Sí;Mala
Mujer;Posgrado;Público;8;7;11;4;No;Sí;Sí;Buena
Mujer;Posgrado;Público;6;13;12;8;No;No;Sí;Buena
Hombre;Posgrado;Público;11;11;15;18;Sí;Sí;Sí;Mala
Hombre;Posgrado;Público;3;20;11;18;No;No;Sí;Buena
Mujer;Posgrado;Público;14;14;17;11;Sí;No;Sí;Buena
Hombre;Posgrado;Público;16;14;15;14;Sí;No;Sí;Buena
Hombre;Posgrado;Público;9;5;12;11;No;Sí;Sí;Mala
Hombre;Posgrado;Público;19;13;7;7;Sí;No;No;Buena
Hombre;Posgrado;Público;19;13;7;7;Sí;No;No;Buena
Hombre;Posgrado;Público;0;20;12;0;No;No;Sí;Buena
Hombre;Posgrado;Público;9;0;13;2;No;Sí;Sí;Buena
Hombre;Pregrado;Público;2;20;6;0;No;No;No;Buena
Mujer;Posgrado;Público;14;13;16;14;Sí;No;Sí;Buena
Mujer;Posgrado;Público;18;6;12;10;Sí;Sí;Sí;Mala
Mujer;Posgrado;Público;17;15;14;12;Sí;No;Sí;Buena
Hombre;Posgrado;Público;9;12;6;5;No;Sí;No;Buena
Hombre;Posgrado;Público;9;12;6;5;No;Sí;No;Buena
Hombre;Posgrado;Público;21;25;21;4;Sí;No;Sí;Buena
Mujer;Posgrado;Público;21;5;16;15;Sí;Sí;Sí;Buena
Hombre;Posgrado;Público;3;17;11;2;No;No;Sí;Buena
Hombre;Pregrado;Público;10;1;12;13;Sí;Sí;Sí;Buena
Mujer;Posgrado;Público;10;11;13;12;Sí;Sí;Sí;Mala
Hombre;Posgrado;Público;15;10;15;3;Sí;Sí;Sí;Buena
Hombre;Pregrado;Público;6;20;12;10;No;No;Sí;Buena
Mujer;Pregrado;Público;14;13;14;9;Sí;No;Sí;Buena
Hombre;Posgrado;Público;11;15;14;4;Sí;No;Sí;Buena
Hombre;Posgrado;Público;8;19;18;7;No;No;Sí;Mala
Hombre;Posgrado;Público;14;14;12;0;Sí;No;Sí;Buena
Mujer;Posgrado;Público;18;13;16;5;Sí;No;Sí;Mala
Mujer;Posgrado;Público;8;15;12;9;No;No;Sí;Mala
Hombre;Posgrado;Público;2;18;8;0;No;No;Sí;Buena
Mujer;Posgrado;Público;7;13;15;5;No;No;Sí;Buena
Mujer;Posgrado;Público;7;9;11;4;No;Sí;Sí;Buena
Mujer;Posgrado;Público;11;25;2;2;Sí;No;No;Buena
Hombre;Posgrado;Público;2;20;5;0;No;No;No;Buena
Hombre;Posgrado;Público;10;14;14;9;Sí;No;Sí;Buena
Mujer;Posgrado;Público;10;8;13;3;Sí;Sí;Sí;Buena
Mujer;Posgrado;Público;5;6;15;3;No;Sí;Sí;Buena
Hombre;Posgrado;Público;9;10;12;6;No;Sí;Sí;Buena
Mujer;Posgrado;Público;5;6;15;3;No;Sí;Sí;Buena
Mujer;Pregrado;Público;3;20;12;6;No;No;Sí;Buena
Hombre;Posgrado;Público;18;11;19;3;Sí;Sí;Sí;Buena
Mujer;Pregrado;Público;8;20;11;4;No;No;Sí;Buena
Hombre;Posgrado;Público;21;0;6;14;Sí;Sí;No;Mala
Hombre;Posgrado;Público;12;4;12;15;Sí;Sí;Sí;Buena
Mujer;Posgrado;Público;15;10;20;11;Sí;Sí;Sí;Mala
Hombre;Posgrado;Público;12;19;11;1;Sí;No;Sí;Buena
Hombre;Posgrado;Público;17;17;16;9;Sí;No;Sí;Buena
Hombre;Posgrado;Público;13;16;16;8;Sí;No;Sí;Buena
Hombre;Pregrado;Público;21;25;21;0;Sí;No;Sí;Mala
Mujer;Posgrado;Público;11;15;6;18;Sí;No;No;Mala
Hombre;Pregrado;Público;5;17;9;10;No;No;Sí;Buena
Mujer;Posgrado;Público;3;19;12;0;No;No;Sí;Buena
Hombre;Posgrado;Público;14;3;16;12;Sí;Sí;Sí;Buena
Hombre;Posgrado;Público;14;3;16;12;Sí;Sí;Sí;Buena
Hombre;Posgrado;Público;14;3;16;12;Sí;Sí;Sí;Buena
Hombre;Posgrado;Público;14;3;16;12;Sí;Sí;Sí;Buena
Hombre;Posgrado;Público;14;3;16;12;Sí;Sí;Sí;Buena
Mujer;Posgrado;Público;15;22;15;15;Sí;No;Sí;Buena
Hombre;Pregrado;Público;12;16;13;8;Sí;No;Sí;Buena
Hombre;Posgrado;Público;8;19;10;6;No;No;Sí;Buena
Hombre;Posgrado;Público;8;19;10;6;No;No;Sí;Buena
Hombre;Posgrado;Público;0;24;7;2;No;No;No;Buena
Hombre;Posgrado;Público;11;12;14;5;Sí;Sí;Sí;Buena
Hombre;Posgrado;Público;18;20;14;8;Sí;No;Sí;Buena
Hombre;Pregrado;Público;19;6;14;14;Sí;Sí;Sí;Mala
Hombre;Posgrado;Público;7;5;18;2;No;Sí;Sí;Buena
Mujer;Posgrado;Público;13;15;15;6;Sí;No;Sí;Buena
Mujer;Posgrado;Público;13;4;17;9;Sí;Sí;Sí;Mala
Mujer;Posgrado;Público;9;19;12;9;No;No;Sí;Buena
Hombre;Posgrado;Público;15;25;10;0;Sí;No;Sí;Buena
Mujer;Pregrado;Público;12;14;15;10;Sí;No;Sí;Buena
Hombre;Pregrado;Público;12;10;12;14;Sí;Sí;Sí;Buena
Hombre;Posgrado;Público;10;13;14;0;Sí;No;Sí;Buena
Hombre;Pregrado;Público;9;16;10;6;No;No;Sí;Buena
Mujer;Posgrado;Público;9;16;6;8;No;No;No;Buena
Mujer;Posgrado;Público;3;11;9;4;No;Sí;Sí;Buena
Hombre;Posgrado;Público;10;11;10;3;Sí;Sí;Sí;Buena
Mujer;Pregrado;Público;2;13;7;10;No;No;No;Buena
Hombre;Posgrado;Público;13;16;15;9;Sí;No;Sí;Mala
Mujer;Posgrado;Público;8;17;11;10;No;No;Sí;Buena
Mujer;Posgrado;Público;7;20;15;0;No;No;Sí;Buena
Mujer;Posgrado;Público;15;13;19;12;Sí;No;Sí;Buena
Mujer;Posgrado;Público;19;13;15;20;Sí;No;Sí;Mala
Hombre;Posgrado;Público;11;11;11;11;Sí;Sí;Sí;Buena
Mujer;Posgrado;Público;15;12;13;9;Sí;Sí;Sí;Buena
Mujer;Pregrado;Público;15;21;17;5;Sí;No;Sí;Buena
Hombre;Posgrado;Público;6;8;10;0;No;Sí;Sí;Mala
Hombre;Pregrado;Público;3;16;8;0;No;No;Sí;Buena
Hombre;Posgrado;Público;2;19;9;12;No;No;Sí;Buena
Mujer;Posgrado;Público;2;17;10;1;No;No;Sí;Buena
Mujer;Posgrado;Público;0;16;9;0;No;No;Sí;Buena
Mujer;Posgrado;Público;14;15;20;13;Sí;No;Sí;Mala
Hombre;Posgrado;Público;5;19;12;6;No;No;Sí;Buena
Mujer;Posgrado;Público;3;18;10;8;No;No;Sí;Buena
Mujer;Posgrado;Público;9;2;13;15;No;Sí;Sí;Buena
Mujer;Posgrado;Público;13;23;14;4;Sí;No;Sí;Mala
Mujer;Pregrado;Público;8;15;11;18;No;No;Sí;Buena
Mujer;Pregrado;Público;13;11;15;20;Sí;Sí;Sí;Mala
Hombre;Posgrado;Público;7;15;10;4;No;No;Sí;Buena
Hombre;Posgrado;Público;16;1;12;16;Sí;Sí;Sí;Mala
Hombre;Pregrado;Público;15;21;18;10;Sí;No;Sí;Buena
Mujer;Pregrado;Público;14;11;11;7;Sí;Sí;Sí;Mala
Mujer;Posgrado;Público;10;14;10;6;Sí;No;Sí;Buena
Mujer;Posgrado;Público;15;12;7;12;Sí;Sí;No;Buena
Mujer;Posgrado;Público;10;20;14;1;Sí;No;Sí;Buena
Hombre;Pregrado;Público;2;14;8;2;No;No;Sí;Buena
Mujer;Posgrado;Público;11;18;14;8;Sí;No;Sí;Buena
Hombre;Posgrado;Público;4;9;8;3;No;Sí;Sí;Buena
Hombre;Pregrado;Público;11;10;17;17;Sí;Sí;Sí;Buena
Mujer;Posgrado;Público;10;7;11;3;Sí;Sí;Sí;Mala
Hombre;Posgrado;Público;0;11;1;2;No;Sí;No;Mala
Mujer;Posgrado;Público;7;18;12;7;No;No;Sí;Buena
Hombre;Pregrado;Público;9;10;9;4;No;Sí;Sí;Buena
Hombre;Pregrado;Público;6;19;5;1;No;No;No;Buena
Hombre;Posgrado;Público;21;24;19;3;Sí;No;Sí;Mala
Mujer;Posgrado;Público;5;15;12;16;No;No;Sí;Buena
Mujer;Posgrado;Público;5;15;12;16;No;No;Sí;Buena
Mujer;Pregrado;Público;12;12;12;7;Sí;Sí;Sí;Buena
Hombre;Pregrado;Público;8;16;15;14;No;No;Sí;Mala
Mujer;Pregrado;Público;4;6;8;5;No;Sí;Sí;Mala
Hombre;Posgrado;Público;11;10;17;12;Sí;Sí;Sí;Buena
Hombre;Posgrado;Público;2;8;7;2;No;Sí;No;Buena
Mujer;Posgrado;Público;15;0;19;6;Sí;Sí;Sí;Buena
Mujer;Posgrado;Público;17;2;11;4;Sí;Sí;Sí;Mala
Mujer;Pregrado;Público;20;10;16;20;Sí;Sí;Sí;Buena
Hombre;Pregrado;Público;10;14;8;10;Sí;No;Sí;Buena
Hombre;Pregrado;Público;10;14;8;10;Sí;No;Sí;Buena
Hombre;Posgrado;Público;5;23;9;1;No;No;Sí;Buena
Mujer;Posgrado;Público;18;6;17;0;Sí;Sí;Sí;Buena
Mujer;Posgrado;Público;11;17;12;8;Sí;No;Sí;Buena
Mujer;Posgrado;Público;16;5;20;20;Sí;Sí;Sí;Mala
Mujer;Pregrado;Público;21;19;15;20;Sí;No;Sí;Mala
Hombre;Posgrado;Público;7;7;19;8;No;Sí;Sí;Mala
Hombre;Posgrado;Público;9;2;15;8;No;Sí;Sí;Buena
Mujer;Posgrado;Público;12;20;18;8;Sí;No;Sí;Mala
Hombre;Posgrado;Público;3;7;11;0;No;Sí;Sí;Buena
Mujer;Pregrado;Público;21;6;21;24;Sí;Sí;Sí;Mala
Hombre;Posgrado;Público;2;5;8;4;No;Sí;Sí;Buena
Hombre;Posgrado;Público;11;8;11;6;Sí;Sí;Sí;Mala
Mujer;Posgrado;Público;10;8;17;5;Sí;Sí;Sí;Mala
Hombre;Pregrado;Público;13;5;15;18;Sí;Sí;Sí;Mala
Hombre;Posgrado;Público;13;15;15;2;Sí;No;Sí;Buena
Hombre;Posgrado;Público;13;8;12;4;Sí;Sí;Sí;Buena
Mujer;Pregrado;Público;2;22;7;0;No;No;No;Buena
Hombre;Pregrado;Público;10;19;8;5;Sí;No;Sí;Buena
Mujer;Pregrado;Público;2;22;7;2;No;No;No;Buena
Mujer;Pregrado;Público;10;13;13;12;Sí;No;Sí;Buena
Mujer;Pregrado;Privado;13;9;8;3;Sí;Sí;Sí;Buena
Hombre;Posgrado;Público;7;10;10;14;No;Sí;Sí;Mala
Hombre;Pregrado;Público;13;16;14;15;Sí;No;Sí;Buena
Hombre;Posgrado;Público;14;7;12;19;Sí;Sí;Sí;Buena
Mujer;Pregrado;Público;3;19;8;8;No;No;Sí;Buena
Hombre;Posgrado;Público;13;12;16;21;Sí;Sí;Sí;Buena
Hombre;Posgrado;Público;15;17;14;14;Sí;No;Sí;Buena
Hombre;Posgrado;Público;3;8;8;11;No;Sí;Sí;Buena
Mujer;Posgrado;Público;19;10;11;9;Sí;Sí;Sí;Buena
Hombre;Posgrado;Público;2;21;6;5;No;No;No;Buena
Mujer;Pregrado;Público;21;11;21;10;Sí;Sí;Sí;Mala
Hombre;Posgrado;Público;6;22;8;0;No;No;Sí;Buena
Mujer;Posgrado;Privado;14;8;13;0;Sí;Sí;Sí;Buena
Mujer;Pregrado;Público;14;14;13;4;Sí;No;Sí;Mala
Hombre;Posgrado;Público;2;20;8;4;No;No;Sí;Buena
Hombre;Pregrado;Público;3;12;7;10;No;Sí;No;Mala
Mujer;Posgrado;Público;8;12;10;5;No;Sí;Sí;Buena
Mujer;Pregrado;Público;10;2;16;12;Sí;Sí;Sí;Mala
Mujer;Posgrado;Público;3;15;10;7;No;No;Sí;Buena
Hombre;Posgrado;Público;9;20;14;3;No;No;Sí;Buena
Mujer;Pregrado;Público;13;14;10;10;Sí;No;Sí;Mala
Hombre;Pregrado;Público;0;17;11;2;No;No;Sí;Buena
Mujer;Posgrado;Público;15;4;15;17;Sí;Sí;Sí;Mala
Hombre;Posgrado;Público;2;15;7;12;No;No;No;Buena
Hombre;Posgrado;Público;16;15;16;7;Sí;No;Sí;Buena
Mujer;Pregrado;Público;5;6;8;0;No;Sí;Sí;Buena
Hombre;Posgrado;Público;12;13;11;10;Sí;No;Sí;Buena
Hombre;Posgrado;Público;0;14;10;0;No;No;Sí;Buena
Hombre;Posgrado;Público;15;1;18;12;Sí;Sí;Sí;Mala
Hombre;Posgrado;Público;15;1;18;12;Sí;Sí;Sí;Mala
Mujer;Pregrado;Público;7;14;7;16;No;No;No;Mala
Hombre;Pregrado;Público;7;21;20;22;No;No;Sí;Mala
Hombre;Pregrado;Público;11;21;19;17;Sí;No;Sí;Mala
Hombre;Posgrado;Público;0;19;14;3;No;No;Sí;Buena
Hombre;Pregrado;Público;18;3;14;15;Sí;Sí;Sí;Mala
Hombre;Pregrado;Público;15;17;17;12;Sí;No;Sí;Buena
Mujer;Posgrado;Público;0;21;6;3;No;No;No;Buena
Mujer;Posgrado;Público;21;10;21;6;Sí;Sí;Sí;Mala
Mujer;Posgrado;Público;12;13;15;5;Sí;No;Sí;Buena
Hombre;Posgrado;Público;14;9;14;1;Sí;Sí;Sí;Buena
Mujer;Posgrado;Público;14;19;11;9;Sí;No;Sí;Buena
Hombre;Posgrado;Público;13;21;16;7;Sí;No;Sí;Buena
Hombre;Posgrado;Público;8;17;11;9;No;No;Sí;Buena
Hombre;Posgrado;Público;8;15;10;8;No;No;Sí;Buena
Hombre;Posgrado;Público;0;21;7;1;No;No;No;Buena
Hombre;Posgrado;Público;4;18;10;4;No;No;Sí;Buena
Hombre;Posgrado;Público;17;3;10;12;Sí;Sí;Sí;Buena
Hombre;Pregrado;Público;9;14;12;1;No;No;Sí;Buena
Hombre;Posgrado;Público;4;15;7;4;No;No;No;Buena
Hombre;Posgrado;Público;17;15;17;11;Sí;No;Sí;Buena
Hombre;Posgrado;Público;15;11;17;15;Sí;Sí;Sí;Mala
Hombre;Posgrado;Público;15;11;17;15;Sí;Sí;Sí;Mala
Hombre;Posgrado;Público;15;11;17;15;Sí;Sí;Sí;Mala
Hombre;Posgrado;Público;11;13;15;3;Sí;No;Sí;Mala
Hombre;Pregrado;Público;17;4;12;10;Sí;Sí;Sí;Mala
Hombre;Posgrado;Público;21;0;9;9;Sí;Sí;Sí;Mala
Mujer;Pregrado;Público;17;8;11;12;Sí;Sí;Sí;Buena
Hombre;Posgrado;Público;1;20;12;1;No;No;Sí;Buena
Mujer;Pregrado;Público;6;9;7;14;No;Sí;No;Buena
Hombre;Posgrado;Público;15;10;4;9;Sí;Sí;No;Mala
Mujer;Posgrado;Público;5;16;7;9;No;No;No;Buena
Mujer;Posgrado;Público;13;13;9;11;Sí;No;Sí;Mala
Hombre;Posgrado;Público;3;11;7;12;No;Sí;No;Buena
Hombre;Pregrado;Público;2;8;9;1;No;Sí;Sí;Buena
Hombre;Posgrado;Público;4;19;10;0;No;No;Sí;Buena
Hombre;Posgrado;Público;13;11;15;8;Sí;Sí;Sí;Mala
Hombre;Posgrado;Público;15;1;13;6;Sí;Sí;Sí;Mala
Mujer;Pregrado;Público;8;9;17;7;No;Sí;Sí;Buena
Mujer;Posgrado;Público;19;20;17;9;Sí;No;Sí;Buena
Mujer;Posgrado;Público;7;8;12;9;No;Sí;Sí;Buena
Mujer;Posgrado;Público;7;20;12;2;No;No;Sí;Buena
Hombre;Posgrado;Público;20;17;13;6;Sí;No;Sí;Mala
Mujer;Pregrado;Público;16;17;16;1;Sí;No;Sí;Buena
Hombre;Posgrado;Público;9;17;3;3;No;No;No;Buena
Hombre;Posgrado;Público;0;19;8;5;No;No;Sí;Buena
Mujer;Posgrado;Público;12;8;12;11;Sí;Sí;Sí;Buena
Hombre;Posgrado;Público;1;16;4;0;No;No;No;Buena
Hombre;Posgrado;Público;7;17;15;5;No;No;Sí;Mala
Mujer;Pregrado;Público;5;3;10;2;No;Sí;Sí;Buena
Hombre;Pregrado;Privado;21;10;8;0;Sí;Sí;Sí;Buena
Hombre;Posgrado;Público;7;6;10;12;No;Sí;Sí;Buena
Mujer;Pregrado;Público;3;19;11;14;No;No;Sí;Buena
Mujer;Posgrado;Público;1;20;9;6;No;No;Sí;Buena
Hombre;Posgrado;Público;7;16;11;6;No;No;Sí;Buena
Hombre;Posgrado;Público;0;20;8;13;No;No;Sí;Buena
Hombre;Posgrado;Público;19;11;14;16;Sí;Sí;Sí;Buena
Hombre;Posgrado;Público;11;16;12;7;Sí;No;Sí;Buena
Mujer;Posgrado;Público;5;13;8;12;No;No;Sí;Buena
Hombre;Posgrado;Público;11;18;17;21;Sí;No;Sí;Buena
Hombre;Pregrado;Público;11;11;8;5;Sí;Sí;Sí;Buena
Mujer;Pregrado;Público;3;9;12;9;No;Sí;Sí;Buena
Hombre;Pregrado;Público;13;10;12;16;Sí;Sí;Sí;Buena
Hombre;Posgrado;Público;7;8;10;16;No;Sí;Sí;Buena
Hombre;Posgrado;Público;5;10;14;1;No;Sí;Sí;Buena
Mujer;Pregrado;Público;8;12;13;2;No;Sí;Sí;Buena
Mujer;Posgrado;Público;8;17;8;4;No;No;Sí;Buena
Mujer;Posgrado;Público;8;4;11;6;No;Sí;Sí;Mala
Mujer;Posgrado;Público;4;8;7;3;No;Sí;No;Buena
Hombre;Pregrado;Público;16;20;15;9;Sí;No;Sí;Mala
Mujer;Pregrado;Público;9;12;11;6;No;Sí;Sí;Buena
Mujer;Pregrado;Público;12;7;8;11;Sí;Sí;Sí;Buena
Mujer;Pregrado;Público;0;15;8;0;No;No;Sí;Buena
Mujer;Pregrado;Público;21;13;21;5;Sí;No;Sí;Mala
Hombre;Pregrado;Público;16;13;11;13;Sí;No;Sí;Buena
Hombre;Pregrado;Público;16;13;11;13;Sí;No;Sí;Buena
Hombre;Pregrado;Privado;1;7;14;22;No;Sí;Sí;Buena
Hombre;Posgrado;Público;5;10;12;5;No;Sí;Sí;Buena
Mujer;Pregrado;Público;17;3;15;11;Sí;Sí;Sí;Mala
Mujer;Pregrado;Público;10;12;13;9;Sí;Sí;Sí;Buena
Mujer;Pregrado;Público;10;12;13;9;Sí;Sí;Sí;Buena
Mujer;Pregrado;Público;13;7;11;14;Sí;Sí;Sí;Buena
Mujer;Posgrado;Público;9;6;15;7;No;Sí;Sí;Buena
Mujer;Posgrado;Público;11;13;12;1;Sí;No;Sí;Buena
Hombre;Posgrado;Público;2;24;0;10;No;No;No;Buena
Hombre;Posgrado;Público;11;9;12;9;Sí;Sí;Sí;Mala
Mujer;Posgrado;Público;16;23;19;6;Sí;No;Sí;Buena
Mujer;Posgrado;Público;11;11;13;3;Sí;Sí;Sí;Buena
Hombre;Pregrado;Público;7;15;11;3;No;No;Sí;Buena
Hombre;Pregrado;Público;7;15;11;3;No;No;Sí;Buena
Mujer;Pregrado;Público;5;15;8;4;No;No;Sí;Buena
Mujer;Pregrado;Público;5;15;12;2;No;No;Sí;Buena
Hombre;Posgrado;Público;2;17;9;4;No;No;Sí;Buena
Hombre;Pregrado;Público;18;17;12;16;Sí;No;Sí;Buena
Hombre;Posgrado;Público;9;15;13;3;No;No;Sí;Buena
Hombre;Pregrado;Público;10;13;14;9;Sí;No;Sí;Buena
Mujer;Posgrado;Público;7;20;10;2;No;No;Sí;Buena
Hombre;Pregrado;Público;15;6;14;1;Sí;Sí;Sí;Buena
Hombre;Pregrado;Público;16;13;11;13;Sí;No;Sí;Buena
Mujer;Posgrado;Público;9;17;17;8;No;No;Sí;Buena
Mujer;Pregrado;Público;8;10;9;9;No;Sí;Sí;Buena
Mujer;Pregrado;Público;7;5;16;15;No;Sí;Sí;Buena
Hombre;Posgrado;Público;12;7;15;7;Sí;Sí;Sí;Mala
Hombre;Posgrado;Público;16;13;13;12;Sí;No;Sí;Buena
Hombre;Posgrado;Público;7;9;2;15;No;Sí;No;Buena
